match_no,stage,group,date_et,time_et,date_bj,time_bj,home_team,away_team,venue,city,venue_city
1,???,Group A,2026-06-11,15:00,2026-06-12,03:00,Mexico,South Africa,Estadio Azteca,Mexico City,"Estadio Azteca, Mexico City"
2,???,Group A,2026-06-11,22:00,2026-06-12,10:00,South Korea,Czech Republic,Estadio Akron,Guadalajara,"Estadio Akron, Guadalajara"
3,???,Group A,2026-06-18,12:00,2026-06-19,00:00,South Africa,Czech Republic,Mercedes-Benz Stadium,Atlanta,"Mercedes-Benz Stadium, Atlanta"
4,???,Group A,2026-06-18,21:00,2026-06-19,09:00,Mexico,South Korea,Estadio Akron,Guadalajara,"Estadio Akron, Guadalajara"
5,???,Group A,2026-06-24,21:00,2026-06-25,09:00,Mexico,Czech Republic,Estadio Azteca,Mexico City,"Estadio Azteca, Mexico City"
6,???,Group A,2026-06-24,21:00,2026-06-25,09:00,South Korea,South Africa,Estadio BBVA,Monterrey,"Estadio BBVA, Monterrey"
7,???,Group B,2026-06-12,15:00,2026-06-13,03:00,Canada,Bosnia & Herzegovina,BMO Field,Toronto,"BMO Field, Toronto"
8,???,Group B,2026-06-13,15:00,2026-06-14,03:00,Qatar,Switzerland,Levi's Stadium,Santa Clara,"Levi's Stadium, Santa Clara"
9,???,Group B,2026-06-18,15:00,2026-06-19,03:00,Switzerland,Bosnia & Herzegovina,SoFi Stadium,Inglewood,"SoFi Stadium, Inglewood"
10,???,Group B,2026-06-18,18:00,2026-06-19,06:00,Canada,Qatar,BC Place,Vancouver,"BC Place, Vancouver"
11,???,Group B,2026-06-24,15:00,2026-06-25,03:00,Canada,Switzerland,BC Place,Vancouver,"BC Place, Vancouver"
12,???,Group B,2026-06-24,15:00,2026-06-25,03:00,Qatar,Bosnia & Herzegovina,Lumen Field,Seattle,"Lumen Field, Seattle"
13,???,Group C,2026-06-13,18:00,2026-06-14,06:00,Brazil,Morocco,MetLife Stadium,East Rutherford,"MetLife Stadium, East Rutherford"
14,???,Group C,2026-06-13,21:00,2026-06-14,09:00,Haiti,Scotland,Gillette Stadium,Foxborough,"Gillette Stadium, Foxborough"
15,???,Group C,2026-06-19,18:00,2026-06-20,06:00,Scotland,Morocco,Gillette Stadium,Foxborough,"Gillette Stadium, Foxborough"
16,???,Group C,2026-06-19,20:30,2026-06-20,08:30,Brazil,Haiti,Lincoln Financial Field,Philadelphia,"Lincoln Financial Field, Philadelphia"
17,???,Group C,2026-06-24,18:00,2026-06-25,06:00,Scotland,Brazil,Hard Rock Stadium,Miami Gardens,"Hard Rock Stadium, Miami Gardens"
18,???,Group C,2026-06-24,18:00,2026-06-25,06:00,Morocco,Haiti,Mercedes-Benz Stadium,Atlanta,"Mercedes-Benz Stadium, Atlanta"
19,???,Group D,2026-06-12,21:00,2026-06-13,09:00,United States,Paraguay,SoFi Stadium,Inglewood,"SoFi Stadium, Inglewood"
20,???,Group D,2026-06-14,00:00,2026-06-14,12:00,Australia,Turkey,BC Place,Vancouver,"BC Place, Vancouver"
21,???,Group D,2026-06-19,15:00,2026-06-20,03:00,United States,Australia,Lumen Field,Seattle,"Lumen Field, Seattle"
22,???,Group D,2026-06-19,23:00,2026-06-20,11:00,Paraguay,Turkey,Levi's Stadium,Santa Clara,"Levi's Stadium, Santa Clara"
23,???,Group D,2026-06-25,22:00,2026-06-26,10:00,United States,Turkey,SoFi Stadium,Inglewood,"SoFi Stadium, Inglewood"
24,???,Group D,2026-06-25,22:00,2026-06-26,10:00,Paraguay,Australia,Levi's Stadium,Santa Clara,"Levi's Stadium, Santa Clara"
25,???,Group E,2026-06-14,13:00,2026-06-15,01:00,Germany,Curacao,NRG Stadium,Houston,"NRG Stadium, Houston"
26,???,Group E,2026-06-14,19:00,2026-06-15,07:00,Ivory Coast,Ecuador,Lincoln Financial Field,Philadelphia,"Lincoln Financial Field, Philadelphia"
27,???,Group E,2026-06-20,16:00,2026-06-21,04:00,Germany,Ivory Coast,BMO Field,Toronto,"BMO Field, Toronto"
28,???,Group E,2026-06-20,20:00,2026-06-21,08:00,Ecuador,Curacao,GEHA Field at Arrowhead,Kansas City,"GEHA Field at Arrowhead, Kansas City"
29,???,Group E,2026-06-25,16:00,2026-06-26,04:00,Ecuador,Germany,MetLife Stadium,East Rutherford,"MetLife Stadium, East Rutherford"
30,???,Group E,2026-06-25,16:00,2026-06-26,04:00,Curacao,Ivory Coast,Lincoln Financial Field,Philadelphia,"Lincoln Financial Field, Philadelphia"
31,???,Group F,2026-06-14,16:00,2026-06-15,04:00,Netherlands,Japan,AT&T Stadium,Arlington,"AT&T Stadium, Arlington"
32,???,Group F,2026-06-14,22:00,2026-06-15,10:00,Tunisia,Sweden,Estadio BBVA,Monterrey,"Estadio BBVA, Monterrey"
33,???,Group F,2026-06-20,13:00,2026-06-21,01:00,Netherlands,Sweden,NRG Stadium,Houston,"NRG Stadium, Houston"
34,???,Group F,2026-06-21,00:00,2026-06-21,12:00,Tunisia,Japan,Estadio BBVA,Monterrey,"Estadio BBVA, Monterrey"
35,???,Group F,2026-06-25,19:00,2026-06-26,07:00,Tunisia,Netherlands,GEHA Field at Arrowhead,Kansas City,"GEHA Field at Arrowhead, Kansas City"
36,???,Group F,2026-06-25,19:00,2026-06-26,07:00,Japan,Sweden,AT&T Stadium,Arlington,"AT&T Stadium, Arlington"
37,???,Group G,2026-06-15,15:00,2026-06-16,03:00,Belgium,Egypt,Lumen Field,Seattle,"Lumen Field, Seattle"
38,???,Group G,2026-06-15,21:00,2026-06-16,09:00,Iran,New Zealand,SoFi Stadium,Inglewood,"SoFi Stadium, Inglewood"
39,???,Group G,2026-06-21,15:00,2026-06-22,03:00,Belgium,Iran,SoFi Stadium,Inglewood,"SoFi Stadium, Inglewood"
40,???,Group G,2026-06-21,21:00,2026-06-22,09:00,New Zealand,Egypt,BC Place,Vancouver,"BC Place, Vancouver"
41,???,Group G,2026-06-26,23:00,2026-06-27,11:00,New Zealand,Belgium,BC Place,Vancouver,"BC Place, Vancouver"
42,???,Group G,2026-06-26,23:00,2026-06-27,11:00,Egypt,Iran,Lumen Field,Seattle,"Lumen Field, Seattle"
43,???,Group H,2026-06-15,12:00,2026-06-16,00:00,Spain,Cape Verde,Mercedes-Benz Stadium,Atlanta,"Mercedes-Benz Stadium, Atlanta"
44,???,Group H,2026-06-15,18:00,2026-06-16,06:00,Saudi Arabia,Uruguay,Hard Rock Stadium,Miami Gardens,"Hard Rock Stadium, Miami Gardens"
45,???,Group H,2026-06-21,12:00,2026-06-22,00:00,Spain,Saudi Arabia,Mercedes-Benz Stadium,Atlanta,"Mercedes-Benz Stadium, Atlanta"
46,???,Group H,2026-06-21,18:00,2026-06-22,06:00,Uruguay,Cape Verde,Hard Rock Stadium,Miami Gardens,"Hard Rock Stadium, Miami Gardens"
47,???,Group H,2026-06-26,20:00,2026-06-27,08:00,Uruguay,Spain,Estadio Akron,Guadalajara,"Estadio Akron, Guadalajara"
48,???,Group H,2026-06-26,20:00,2026-06-27,08:00,Cape Verde,Saudi Arabia,NRG Stadium,Houston,"NRG Stadium, Houston"
49,???,Group I,2026-06-16,15:00,2026-06-17,03:00,France,Senegal,MetLife Stadium,East Rutherford,"MetLife Stadium, East Rutherford"
50,???,Group I,2026-06-16,18:00,2026-06-17,06:00,Norway,Iraq,Gillette Stadium,Foxborough,"Gillette Stadium, Foxborough"
51,???,Group I,2026-06-22,17:00,2026-06-23,05:00,France,Iraq,Lincoln Financial Field,Philadelphia,"Lincoln Financial Field, Philadelphia"
52,???,Group I,2026-06-22,20:00,2026-06-23,08:00,Norway,Senegal,MetLife Stadium,East Rutherford,"MetLife Stadium, East Rutherford"
53,???,Group I,2026-06-26,15:00,2026-06-27,03:00,Norway,France,Gillette Stadium,Foxborough,"Gillette Stadium, Foxborough"
54,???,Group I,2026-06-26,15:00,2026-06-27,03:00,Senegal,Iraq,BMO Field,Toronto,"BMO Field, Toronto"
55,???,Group J,2026-06-16,21:00,2026-06-17,09:00,Argentina,Algeria,GEHA Field at Arrowhead,Kansas City,"GEHA Field at Arrowhead, Kansas City"
56,???,Group J,2026-06-17,00:00,2026-06-17,12:00,Austria,Jordan,Levi's Stadium,Santa Clara,"Levi's Stadium, Santa Clara"
57,???,Group J,2026-06-22,13:00,2026-06-23,01:00,Argentina,Austria,AT&T Stadium,Arlington,"AT&T Stadium, Arlington"
58,???,Group J,2026-06-22,23:00,2026-06-23,11:00,Jordan,Algeria,Levi's Stadium,Santa Clara,"Levi's Stadium, Santa Clara"
59,???,Group J,2026-06-27,22:00,2026-06-28,10:00,Jordan,Argentina,AT&T Stadium,Arlington,"AT&T Stadium, Arlington"
60,???,Group J,2026-06-27,22:00,2026-06-28,10:00,Algeria,Austria,GEHA Field at Arrowhead,Kansas City,"GEHA Field at Arrowhead, Kansas City"
61,???,Group K,2026-06-17,13:00,2026-06-18,01:00,Portugal,DR Congo,NRG Stadium,Houston,"NRG Stadium, Houston"
62,???,Group K,2026-06-17,22:00,2026-06-18,10:00,Uzbekistan,Colombia,Estadio Azteca,Mexico City,"Estadio Azteca, Mexico City"
63,???,Group K,2026-06-23,13:00,2026-06-24,01:00,Portugal,Uzbekistan,NRG Stadium,Houston,"NRG Stadium, Houston"
64,???,Group K,2026-06-23,22:00,2026-06-24,10:00,Colombia,DR Congo,Estadio Akron,Guadalajara,"Estadio Akron, Guadalajara"
65,???,Group K,2026-06-27,19:30,2026-06-28,07:30,Colombia,Portugal,Hard Rock Stadium,Miami Gardens,"Hard Rock Stadium, Miami Gardens"
66,???,Group K,2026-06-27,19:30,2026-06-28,07:30,Uzbekistan,DR Congo,Mercedes-Benz Stadium,Atlanta,"Mercedes-Benz Stadium, Atlanta"
67,???,Group L,2026-06-17,16:00,2026-06-18,04:00,England,Croatia,AT&T Stadium,Arlington,"AT&T Stadium, Arlington"
68,???,Group L,2026-06-17,19:00,2026-06-18,07:00,Ghana,Panama,BMO Field,Toronto,"BMO Field, Toronto"
69,???,Group L,2026-06-23,16:00,2026-06-24,04:00,England,Ghana,Gillette Stadium,Foxborough,"Gillette Stadium, Foxborough"
70,???,Group L,2026-06-23,19:00,2026-06-24,07:00,Panama,Croatia,BMO Field,Toronto,"BMO Field, Toronto"
71,???,Group L,2026-06-27,17:00,2026-06-28,05:00,Panama,England,MetLife Stadium,East Rutherford,"MetLife Stadium, East Rutherford"
72,???,Group L,2026-06-27,17:00,2026-06-28,05:00,Croatia,Ghana,Lincoln Financial Field,Philadelphia,"Lincoln Financial Field, Philadelphia"
73,32?,,2026-06-28,15:00,2026-06-29,03:00,TBD,TBD,SoFi Stadium,Inglewood,"SoFi Stadium, Inglewood"
74,32?,,2026-06-29,13:00,2026-06-30,01:00,TBD,TBD,NRG Stadium,Houston,"NRG Stadium, Houston"
75,32?,,2026-06-29,16:30,2026-06-30,04:30,TBD,TBD,Gillette Stadium,Foxborough,"Gillette Stadium, Foxborough"
76,32?,,2026-06-29,21:00,2026-06-30,09:00,TBD,TBD,Estadio BBVA,Monterrey,"Estadio BBVA, Monterrey"
77,32?,,2026-06-30,13:00,2026-07-01,01:00,TBD,TBD,AT&T Stadium,Arlington,"AT&T Stadium, Arlington"
78,32?,,2026-06-30,17:00,2026-07-01,05:00,TBD,TBD,MetLife Stadium,East Rutherford,"MetLife Stadium, East Rutherford"
79,32?,,2026-06-30,21:00,2026-07-01,09:00,TBD,TBD,Estadio Azteca,Mexico City,"Estadio Azteca, Mexico City"
80,32?,,2026-07-01,12:00,2026-07-02,00:00,TBD,TBD,Mercedes-Benz Stadium,Atlanta,"Mercedes-Benz Stadium, Atlanta"
81,32?,,2026-07-01,16:00,2026-07-02,04:00,TBD,TBD,Lumen Field,Seattle,"Lumen Field, Seattle"
82,32?,,2026-07-01,20:00,2026-07-02,08:00,TBD,TBD,Levi's Stadium,Santa Clara,"Levi's Stadium, Santa Clara"
83,32?,,2026-07-02,15:00,2026-07-03,03:00,TBD,TBD,SoFi Stadium,Inglewood,"SoFi Stadium, Inglewood"
84,32?,,2026-07-02,19:00,2026-07-03,07:00,TBD,TBD,BMO Field,Toronto,"BMO Field, Toronto"
85,32?,,2026-07-02,23:00,2026-07-03,11:00,TBD,TBD,BC Place,Vancouver,"BC Place, Vancouver"
86,32?,,2026-07-03,14:00,2026-07-04,02:00,TBD,TBD,AT&T Stadium,Arlington,"AT&T Stadium, Arlington"
87,32?,,2026-07-03,18:00,2026-07-04,06:00,TBD,TBD,Hard Rock Stadium,Miami Gardens,"Hard Rock Stadium, Miami Gardens"
88,32?,,2026-07-03,21:30,2026-07-04,09:30,TBD,TBD,GEHA Field at Arrowhead,Kansas City,"GEHA Field at Arrowhead, Kansas City"
89,16?,,2026-07-04,13:00,2026-07-05,01:00,TBD,TBD,NRG Stadium,Houston,"NRG Stadium, Houston"
90,16?,,2026-07-04,17:00,2026-07-05,05:00,TBD,TBD,Lincoln Financial Field,Philadelphia,"Lincoln Financial Field, Philadelphia"
91,16?,,2026-07-05,16:00,2026-07-06,04:00,TBD,TBD,MetLife Stadium,East Rutherford,"MetLife Stadium, East Rutherford"
92,16?,,2026-07-05,20:00,2026-07-06,08:00,TBD,TBD,Estadio Azteca,Mexico City,"Estadio Azteca, Mexico City"
93,16?,,2026-07-06,15:00,2026-07-07,03:00,TBD,TBD,AT&T Stadium,Arlington,"AT&T Stadium, Arlington"
94,16?,,2026-07-06,20:00,2026-07-07,08:00,TBD,TBD,Lumen Field,Seattle,"Lumen Field, Seattle"
95,16?,,2026-07-07,12:00,2026-07-08,00:00,TBD,TBD,Mercedes-Benz Stadium,Atlanta,"Mercedes-Benz Stadium, Atlanta"
96,16?,,2026-07-07,16:00,2026-07-08,04:00,TBD,TBD,BC Place,Vancouver,"BC Place, Vancouver"
97,1/4??,,2026-07-09,16:00,2026-07-10,04:00,TBD,TBD,Gillette Stadium,Foxborough,"Gillette Stadium, Foxborough"
98,1/4??,,2026-07-10,15:00,2026-07-11,03:00,TBD,TBD,SoFi Stadium,Inglewood,"SoFi Stadium, Inglewood"
99,1/4??,,2026-07-11,17:00,2026-07-12,05:00,TBD,TBD,Hard Rock Stadium,Miami Gardens,"Hard Rock Stadium, Miami Gardens"
100,1/4??,,2026-07-11,21:00,2026-07-12,09:00,TBD,TBD,GEHA Field at Arrowhead,Kansas City,"GEHA Field at Arrowhead, Kansas City"
101,???,,2026-07-14,15:00,2026-07-15,03:00,TBD,TBD,AT&T Stadium,Arlington,"AT&T Stadium, Arlington"
102,???,,2026-07-15,15:00,2026-07-16,03:00,TBD,TBD,Mercedes-Benz Stadium,Atlanta,"Mercedes-Benz Stadium, Atlanta"
103,?????,,2026-07-18,17:00,2026-07-19,05:00,TBD,TBD,Hard Rock Stadium,Miami Gardens,"Hard Rock Stadium, Miami Gardens"
104,??,,2026-07-19,15:00,2026-07-20,03:00,TBD,TBD,MetLife Stadium,East Rutherford,"MetLife Stadium, East Rutherford"
