home,away,date,scoreline,odds,market_implied,model_prob,edge,market_home,elo_home,xG_home,xG_away
巴西,日本,06-30 01:00,2:1,5.8,0.1248,0.0832,-0.0416,0.55,0.6106,1.27,0.94
巴西,日本,06-30 01:00,1:0,7.25,0.0999,0.1394,0.0396,0.55,0.6106,1.27,0.94
巴西,日本,06-30 01:00,1:1,7.5,0.0965,0.0,-0.0965,0.55,0.6106,1.27,0.94
巴西,日本,06-30 01:00,2:0,7.85,0.0922,0.0886,-0.0036,0.55,0.6106,1.27,0.94
巴西,日本,06-30 01:00,3:1,8.55,0.0847,0.0353,-0.0494,0.55,0.6106,1.27,0.94
巴西,日本,06-30 01:00,0:0,11.0,0.0658,0.0,-0.0658,0.55,0.6106,1.27,0.94
巴西,日本,06-30 01:00,2:2,12.0,0.0603,0.0,-0.0603,0.55,0.6106,1.27,0.94
巴西,日本,06-30 01:00,3:2,15.0,0.0483,0.0166,-0.0317,0.55,0.6106,1.27,0.94
巴西,日本,06-30 01:00,0:1,15.0,0.0483,0.103,0.0547,0.55,0.6106,1.27,0.94
巴西,日本,06-30 01:00,1:2,16.0,0.0453,0.0615,0.0162,0.55,0.6106,1.27,0.94
巴西,日本,06-30 01:00,3:0,18.0,0.0402,0.0375,-0.0027,0.55,0.6106,1.27,0.94
巴西,日本,06-30 01:00,4:1,28.0,0.0259,0.0112,-0.0147,0.55,0.6106,1.27,0.94
巴西,日本,06-30 01:00,2:3,32.0,0.0226,0.0122,-0.0104,0.55,0.6106,1.27,0.94
巴西,日本,06-30 01:00,0:2,33.0,0.0219,0.0484,0.0264,0.55,0.6106,1.27,0.94
巴西,日本,06-30 01:00,4:2,35.0,0.0207,0.0053,-0.0154,0.55,0.6106,1.27,0.94
巴西,日本,06-30 01:00,4:0,37.0,0.0196,0.0119,-0.0076,0.55,0.6106,1.27,0.94
巴西,日本,06-30 01:00,3:3,40.0,0.0181,0.0,-0.0181,0.55,0.6106,1.27,0.94
巴西,日本,06-30 01:00,1:3,45.0,0.0161,0.0192,0.0031,0.55,0.6106,1.27,0.94
巴西,日本,06-30 01:00,5:1,80.0,0.0091,0.0028,-0.0062,0.55,0.6106,1.27,0.94
巴西,日本,06-30 01:00,5:0,90.0,0.008,0.003,-0.005,0.55,0.6106,1.27,0.94
巴西,日本,06-30 01:00,5:2,90.0,0.008,0.0013,-0.0067,0.55,0.6106,1.27,0.94
巴西,日本,06-30 01:00,0:3,115.0,0.0063,0.0151,0.0088,0.55,0.6106,1.27,0.94
巴西,日本,06-30 01:00,2:4,125.0,0.0058,0.0029,-0.0029,0.55,0.6106,1.27,0.94
巴西,日本,06-30 01:00,1:4,175.0,0.0041,0.0045,0.0004,0.55,0.6106,1.27,0.94
巴西,日本,06-30 01:00,0:4,300.0,0.0024,0.0036,0.0011,0.55,0.6106,1.27,0.94
巴西,日本,06-30 01:00,1:5,400.0,0.0018,0.0008,-0.001,0.55,0.6106,1.27,0.94
巴西,日本,06-30 01:00,2:5,400.0,0.0018,0.0005,-0.0013,0.55,0.6106,1.27,0.94
巴西,日本,06-30 01:00,0:5,500.0,0.0014,0.0007,-0.0008,0.55,0.6106,1.27,0.94
德国,巴拉圭,06-30 04:30,2:0,5.5,0.1335,0.1048,-0.0287,0.75,0.6795,1.38,0.83
德国,巴拉圭,06-30 04:30,3:0,6.8,0.108,0.0483,-0.0597,0.75,0.6795,1.38,0.83
德国,巴拉圭,06-30 04:30,3:1,7.0,0.1049,0.04,-0.0649,0.75,0.6795,1.38,0.83
德国,巴拉圭,06-30 04:30,1:0,7.2,0.102,0.1516,0.0497,0.75,0.6795,1.38,0.83
德国,巴拉圭,06-30 04:30,2:1,7.25,0.1013,0.0867,-0.0145,0.75,0.6795,1.38,0.83
德国,巴拉圭,06-30 04:30,1:1,10.0,0.0734,0.0,-0.0734,0.75,0.6795,1.38,0.83
德国,巴拉圭,06-30 04:30,4:1,14.5,0.0506,0.0138,-0.0368,0.75,0.6795,1.38,0.83
德国,巴拉圭,06-30 04:30,4:0,15.0,0.0489,0.0167,-0.0323,0.75,0.6795,1.38,0.83
德国,巴拉圭,06-30 04:30,0:0,16.0,0.0459,0.0,-0.0459,0.75,0.6795,1.38,0.83
德国,巴拉圭,06-30 04:30,2:2,24.0,0.0306,0.0,-0.0306,0.75,0.6795,1.38,0.83
德国,巴拉圭,06-30 04:30,0:1,25.0,0.0294,0.0908,0.0614,0.75,0.6795,1.38,0.83
德国,巴拉圭,06-30 04:30,3:2,28.0,0.0262,0.0165,-0.0097,0.75,0.6795,1.38,0.83
德国,巴拉圭,06-30 04:30,5:0,30.0,0.0245,0.0046,-0.0199,0.75,0.6795,1.38,0.83
德国,巴拉圭,06-30 04:30,1:2,30.0,0.0245,0.0519,0.0275,0.75,0.6795,1.38,0.83
德国,巴拉圭,06-30 04:30,5:1,35.0,0.021,0.0038,-0.0172,0.75,0.6795,1.38,0.83
德国,巴拉圭,06-30 04:30,4:2,40.0,0.0184,0.0057,-0.0126,0.75,0.6795,1.38,0.83
德国,巴拉圭,06-30 04:30,5:2,60.0,0.0122,0.0016,-0.0107,0.75,0.6795,1.38,0.83
德国,巴拉圭,06-30 04:30,0:2,70.0,0.0105,0.0376,0.0271,0.75,0.6795,1.38,0.83
德国,巴拉圭,06-30 04:30,3:3,80.0,0.0092,0.0,-0.0092,0.75,0.6795,1.38,0.83
德国,巴拉圭,06-30 04:30,2:3,90.0,0.0082,0.0099,0.0017,0.75,0.6795,1.38,0.83
德国,巴拉圭,06-30 04:30,1:3,150.0,0.0049,0.0143,0.0094,0.75,0.6795,1.38,0.83
德国,巴拉圭,06-30 04:30,0:3,200.0,0.0037,0.0104,0.0067,0.75,0.6795,1.38,0.83
德国,巴拉圭,06-30 04:30,1:4,350.0,0.0021,0.003,0.0009,0.75,0.6795,1.38,0.83
德国,巴拉圭,06-30 04:30,2:4,350.0,0.0021,0.002,-0.0,0.75,0.6795,1.38,0.83
德国,巴拉圭,06-30 04:30,0:4,500.0,0.0015,0.0021,0.0007,0.75,0.6795,1.38,0.83
德国,巴拉圭,06-30 04:30,0:5,800.0,0.0009,0.0004,-0.0006,0.75,0.6795,1.38,0.83
德国,巴拉圭,06-30 04:30,1:5,800.0,0.0009,0.0005,-0.0004,0.75,0.6795,1.38,0.83
德国,巴拉圭,06-30 04:30,2:5,800.0,0.0009,0.0003,-0.0006,0.75,0.6795,1.38,0.83
荷兰,摩洛哥,06-30 09:00,1:1,5.25,0.137,0.0,-0.137,0.48,0.5251,1.14,1.07
荷兰,摩洛哥,06-30 09:00,2:1,5.5,0.1308,0.0764,-0.0544,0.48,0.5251,1.14,1.07
荷兰,摩洛哥,06-30 09:00,1:0,7.8,0.0922,0.1253,0.0331,0.48,0.5251,1.14,1.07
荷兰,摩洛哥,06-30 09:00,0:0,9.0,0.0799,0.0,-0.0799,0.48,0.5251,1.14,1.07
荷兰,摩洛哥,06-30 09:00,2:2,9.5,0.0757,0.0,-0.0757,0.48,0.5251,1.14,1.07
荷兰,摩洛哥,06-30 09:00,0:1,10.5,0.0685,0.1172,0.0487,0.48,0.5251,1.14,1.07
荷兰,摩洛哥,06-30 09:00,2:0,11.0,0.0654,0.0715,0.0062,0.48,0.5251,1.14,1.07
荷兰,摩洛哥,06-30 09:00,1:2,12.5,0.0575,0.0714,0.0139,0.48,0.5251,1.14,1.07
荷兰,摩洛哥,06-30 09:00,3:1,14.0,0.0514,0.0291,-0.0223,0.48,0.5251,1.14,1.07
荷兰,摩洛哥,06-30 09:00,3:0,21.0,0.0342,0.0272,-0.007,0.48,0.5251,1.14,1.07
荷兰,摩洛哥,06-30 09:00,0:2,21.0,0.0342,0.0626,0.0283,0.48,0.5251,1.14,1.07
荷兰,摩洛哥,06-30 09:00,3:2,23.0,0.0313,0.0155,-0.0157,0.48,0.5251,1.14,1.07
荷兰,摩洛哥,06-30 09:00,3:3,36.0,0.02,0.0,-0.02,0.48,0.5251,1.14,1.07
荷兰,摩洛哥,06-30 09:00,1:3,36.0,0.02,0.0254,0.0055,0.48,0.5251,1.14,1.07
荷兰,摩洛哥,06-30 09:00,2:3,40.0,0.018,0.0145,-0.0035,0.48,0.5251,1.14,1.07
荷兰,摩洛哥,06-30 09:00,4:1,50.0,0.0144,0.0083,-0.0061,0.48,0.5251,1.14,1.07
荷兰,摩洛哥,06-30 09:00,0:3,55.0,0.0131,0.0223,0.0092,0.48,0.5251,1.14,1.07
荷兰,摩洛哥,06-30 09:00,4:0,60.0,0.012,0.0078,-0.0042,0.48,0.5251,1.14,1.07
荷兰,摩洛哥,06-30 09:00,4:2,60.0,0.012,0.0044,-0.0076,0.48,0.5251,1.14,1.07
荷兰,摩洛哥,06-30 09:00,5:1,125.0,0.0058,0.0019,-0.0039,0.48,0.5251,1.14,1.07
荷兰,摩洛哥,06-30 09:00,5:2,150.0,0.0048,0.001,-0.0038,0.48,0.5251,1.14,1.07
荷兰,摩洛哥,06-30 09:00,1:4,150.0,0.0048,0.0068,0.002,0.48,0.5251,1.14,1.07
荷兰,摩洛哥,06-30 09:00,2:4,150.0,0.0048,0.0039,-0.0009,0.48,0.5251,1.14,1.07
荷兰,摩洛哥,06-30 09:00,5:0,160.0,0.0045,0.0018,-0.0027,0.48,0.5251,1.14,1.07
荷兰,摩洛哥,06-30 09:00,0:4,200.0,0.0036,0.0059,0.0023,0.48,0.5251,1.14,1.07
荷兰,摩洛哥,06-30 09:00,0:5,500.0,0.0014,0.0013,-0.0002,0.48,0.5251,1.14,1.07
荷兰,摩洛哥,06-30 09:00,1:5,500.0,0.0014,0.0015,0.0,0.48,0.5251,1.14,1.07
荷兰,摩洛哥,06-30 09:00,2:5,500.0,0.0014,0.0008,-0.0006,0.48,0.5251,1.14,1.07
科特迪瓦,挪威,07-01 01:00,1:2,6.25,0.1157,0.0773,-0.0384,0.14,0.4649,1.05,1.16
科特迪瓦,挪威,07-01 01:00,1:1,6.4,0.113,0.0,-0.113,0.14,0.4649,1.05,1.16
科特迪瓦,挪威,07-01 01:00,0:1,7.25,0.0998,0.1269,0.0271,0.14,0.4649,1.05,1.16
科特迪瓦,挪威,07-01 01:00,0:2,8.5,0.0851,0.0734,-0.0117,0.14,0.4649,1.05,1.16
科特迪瓦,挪威,07-01 01:00,2:1,11.5,0.0629,0.0704,0.0075,0.14,0.4649,1.05,1.16
科特迪瓦,挪威,07-01 01:00,1:0,12.0,0.0603,0.1155,0.0552,0.14,0.4649,1.05,1.16
科特迪瓦,挪威,07-01 01:00,0:0,12.0,0.0603,0.0,-0.0603,0.14,0.4649,1.05,1.16
科特迪瓦,挪威,07-01 01:00,1:3,12.0,0.0603,0.0298,-0.0305,0.14,0.4649,1.05,1.16
科特迪瓦,挪威,07-01 01:00,2:2,12.5,0.0579,0.0,-0.0579,0.14,0.4649,1.05,1.16
科特迪瓦,挪威,07-01 01:00,0:3,16.5,0.0438,0.0283,-0.0155,0.14,0.4649,1.05,1.16
科特迪瓦,挪威,07-01 01:00,2:0,20.0,0.0362,0.0608,0.0247,0.14,0.4649,1.05,1.16
科特迪瓦,挪威,07-01 01:00,2:3,21.0,0.0344,0.0157,-0.0187,0.14,0.4649,1.05,1.16
科特迪瓦,挪威,07-01 01:00,1:4,30.0,0.0241,0.0086,-0.0155,0.14,0.4649,1.05,1.16
科特迪瓦,挪威,07-01 01:00,3:1,31.0,0.0233,0.0247,0.0014,0.14,0.4649,1.05,1.16
科特迪瓦,挪威,07-01 01:00,3:2,37.0,0.0196,0.0143,-0.0053,0.14,0.4649,1.05,1.16
科特迪瓦,挪威,07-01 01:00,0:4,38.0,0.019,0.0082,-0.0108,0.14,0.4649,1.05,1.16
科特迪瓦,挪威,07-01 01:00,3:3,45.0,0.0161,0.0,-0.0161,0.14,0.4649,1.05,1.16
科特迪瓦,挪威,07-01 01:00,2:4,50.0,0.0145,0.0045,-0.0099,0.14,0.4649,1.05,1.16
科特迪瓦,挪威,07-01 01:00,3:0,60.0,0.0121,0.0214,0.0093,0.14,0.4649,1.05,1.16
科特迪瓦,挪威,07-01 01:00,1:5,95.0,0.0076,0.002,-0.0056,0.14,0.4649,1.05,1.16
科特迪瓦,挪威,07-01 01:00,0:5,100.0,0.0072,0.0019,-0.0053,0.14,0.4649,1.05,1.16
科特迪瓦,挪威,07-01 01:00,4:1,110.0,0.0066,0.0065,-0.0001,0.14,0.4649,1.05,1.16
科特迪瓦,挪威,07-01 01:00,2:5,125.0,0.0058,0.0011,-0.0047,0.14,0.4649,1.05,1.16
科特迪瓦,挪威,07-01 01:00,4:2,135.0,0.0054,0.0038,-0.0016,0.14,0.4649,1.05,1.16
科特迪瓦,挪威,07-01 01:00,4:0,175.0,0.0041,0.0056,0.0015,0.14,0.4649,1.05,1.16
科特迪瓦,挪威,07-01 01:00,5:2,350.0,0.0021,0.0008,-0.0013,0.14,0.4649,1.05,1.16
科特迪瓦,挪威,07-01 01:00,5:0,500.0,0.0014,0.0012,-0.0003,0.14,0.4649,1.05,1.16
科特迪瓦,挪威,07-01 01:00,5:1,500.0,0.0014,0.0014,-0.0001,0.14,0.4649,1.05,1.16
法国,瑞典,07-01 05:00,2:0,7.0,0.1062,0.1382,0.032,0.85,0.7869,1.59,0.62
法国,瑞典,07-01 05:00,2:1,7.0,0.1062,0.0861,-0.0201,0.85,0.7869,1.59,0.62
法国,瑞典,07-01 05:00,1:0,8.0,0.0929,0.1741,0.0812,0.85,0.7869,1.59,0.62
法国,瑞典,07-01 05:00,3:0,8.0,0.0929,0.0731,-0.0198,0.85,0.7869,1.59,0.62
法国,瑞典,07-01 05:00,3:1,8.0,0.0929,0.0455,-0.0474,0.85,0.7869,1.59,0.62
法国,瑞典,07-01 05:00,1:1,9.5,0.0782,0.0,-0.0782,0.85,0.7869,1.59,0.62
法国,瑞典,07-01 05:00,4:0,14.0,0.0531,0.029,-0.0241,0.85,0.7869,1.59,0.62
法国,瑞典,07-01 05:00,4:1,14.0,0.0531,0.0181,-0.035,0.85,0.7869,1.59,0.62
法国,瑞典,07-01 05:00,2:2,15.5,0.048,0.0,-0.048,0.85,0.7869,1.59,0.62
法国,瑞典,07-01 05:00,3:2,20.0,0.0372,0.0142,-0.023,0.85,0.7869,1.59,0.62
法国,瑞典,07-01 05:00,0:0,21.0,0.0354,0.0,-0.0354,0.85,0.7869,1.59,0.62
法国,瑞典,07-01 05:00,1:2,25.0,0.0297,0.0338,0.004,0.85,0.7869,1.59,0.62
法国,瑞典,07-01 05:00,0:1,28.0,0.0265,0.0683,0.0418,0.85,0.7869,1.59,0.62
法国,瑞典,07-01 05:00,5:0,30.0,0.0248,0.0092,-0.0156,0.85,0.7869,1.59,0.62
法国,瑞典,07-01 05:00,5:1,30.0,0.0248,0.0057,-0.019,0.85,0.7869,1.59,0.62
法国,瑞典,07-01 05:00,4:2,32.0,0.0232,0.0056,-0.0176,0.85,0.7869,1.59,0.62
法国,瑞典,07-01 05:00,2:3,55.0,0.0135,0.0056,-0.008,0.85,0.7869,1.59,0.62
法国,瑞典,07-01 05:00,5:2,60.0,0.0124,0.0018,-0.0106,0.85,0.7869,1.59,0.62
法国,瑞典,07-01 05:00,3:3,60.0,0.0124,0.0,-0.0124,0.85,0.7869,1.59,0.62
法国,瑞典,07-01 05:00,0:2,70.0,0.0106,0.0213,0.0106,0.85,0.7869,1.59,0.62
法国,瑞典,07-01 05:00,1:3,70.0,0.0106,0.007,-0.0036,0.85,0.7869,1.59,0.62
法国,瑞典,07-01 05:00,0:3,150.0,0.005,0.0044,-0.0005,0.85,0.7869,1.59,0.62
法国,瑞典,07-01 05:00,1:4,300.0,0.0025,0.0011,-0.0014,0.85,0.7869,1.59,0.62
法国,瑞典,07-01 05:00,2:4,300.0,0.0025,0.0009,-0.0016,0.85,0.7869,1.59,0.62
法国,瑞典,07-01 05:00,0:4,500.0,0.0015,0.0007,-0.0008,0.85,0.7869,1.59,0.62
法国,瑞典,07-01 05:00,1:5,500.0,0.0015,0.0001,-0.0014,0.85,0.7869,1.59,0.62
法国,瑞典,07-01 05:00,2:5,500.0,0.0015,0.0001,-0.0014,0.85,0.7869,1.59,0.62
法国,瑞典,07-01 05:00,0:5,800.0,0.0009,0.0001,-0.0008,0.85,0.7869,1.59,0.62
墨西哥,厄瓜多尔,07-01 09:00,1:0,5.0,0.1428,0.1177,-0.0251,0.61,0.4782,1.07,1.14
墨西哥,厄瓜多尔,07-01 09:00,1:1,5.1,0.14,0.0,-0.14,0.61,0.4782,1.07,1.14
墨西哥,厄瓜多尔,07-01 09:00,0:0,6.0,0.119,0.0,-0.119,0.61,0.4782,1.07,1.14
墨西哥,厄瓜多尔,07-01 09:00,2:0,7.5,0.0952,0.0631,-0.032,0.61,0.4782,1.07,1.14
墨西哥,厄瓜多尔,07-01 09:00,0:1,7.5,0.0952,0.1247,0.0296,0.61,0.4782,1.07,1.14
墨西哥,厄瓜多尔,07-01 09:00,2:1,7.7,0.0927,0.0718,-0.0209,0.61,0.4782,1.07,1.14
墨西哥,厄瓜多尔,07-01 09:00,1:2,13.0,0.0549,0.0761,0.0212,0.61,0.4782,1.07,1.14
墨西哥,厄瓜多尔,07-01 09:00,3:0,18.0,0.0397,0.0226,-0.0171,0.61,0.4782,1.07,1.14
墨西哥,厄瓜多尔,07-01 09:00,2:2,18.0,0.0397,0.0,-0.0397,0.61,0.4782,1.07,1.14
墨西哥,厄瓜多尔,07-01 09:00,0:2,18.0,0.0397,0.0709,0.0313,0.61,0.4782,1.07,1.14
墨西哥,厄瓜多尔,07-01 09:00,3:1,20.0,0.0357,0.0257,-0.01,0.61,0.4782,1.07,1.14
墨西哥,厄瓜多尔,07-01 09:00,3:2,45.0,0.0159,0.0146,-0.0013,0.61,0.4782,1.07,1.14
墨西哥,厄瓜多尔,07-01 09:00,1:3,45.0,0.0159,0.0288,0.013,0.61,0.4782,1.07,1.14
墨西哥,厄瓜多尔,07-01 09:00,4:0,60.0,0.0119,0.0061,-0.0058,0.61,0.4782,1.07,1.14
墨西哥,厄瓜多尔,07-01 09:00,0:3,60.0,0.0119,0.0269,0.015,0.61,0.4782,1.07,1.14
墨西哥,厄瓜多尔,07-01 09:00,4:1,70.0,0.0102,0.0069,-0.0033,0.61,0.4782,1.07,1.14
墨西哥,厄瓜多尔,07-01 09:00,2:3,70.0,0.0102,0.0155,0.0053,0.61,0.4782,1.07,1.14
墨西哥,厄瓜多尔,07-01 09:00,3:3,120.0,0.0059,0.0,-0.0059,0.61,0.4782,1.07,1.14
墨西哥,厄瓜多尔,07-01 09:00,4:2,150.0,0.0048,0.0039,-0.0008,0.61,0.4782,1.07,1.14
墨西哥,厄瓜多尔,07-01 09:00,5:0,200.0,0.0036,0.0013,-0.0023,0.61,0.4782,1.07,1.14
墨西哥,厄瓜多尔,07-01 09:00,1:4,200.0,0.0036,0.0082,0.0046,0.61,0.4782,1.07,1.14
墨西哥,厄瓜多尔,07-01 09:00,5:1,250.0,0.0029,0.0015,-0.0014,0.61,0.4782,1.07,1.14
墨西哥,厄瓜多尔,07-01 09:00,0:4,300.0,0.0024,0.0076,0.0053,0.61,0.4782,1.07,1.14
墨西哥,厄瓜多尔,07-01 09:00,2:4,350.0,0.002,0.0044,0.0024,0.61,0.4782,1.07,1.14
墨西哥,厄瓜多尔,07-01 09:00,5:2,400.0,0.0018,0.0008,-0.0009,0.61,0.4782,1.07,1.14
墨西哥,厄瓜多尔,07-01 09:00,0:5,700.0,0.001,0.0017,0.0007,0.61,0.4782,1.07,1.14
墨西哥,厄瓜多尔,07-01 09:00,1:5,700.0,0.001,0.0019,0.0008,0.61,0.4782,1.07,1.14
墨西哥,厄瓜多尔,07-01 09:00,2:5,800.0,0.0009,0.001,0.0001,0.61,0.4782,1.07,1.14
英格兰,刚果民主共和国,07-02 00:00,2:0,4.7,0.1557,0.1419,-0.0138,0.83,0.7964,1.61,0.6
英格兰,刚果民主共和国,07-02 00:00,1:0,5.3,0.1381,0.1764,0.0384,0.83,0.7964,1.61,0.6
英格兰,刚果民主共和国,07-02 00:00,3:0,6.25,0.1171,0.0761,-0.041,0.83,0.7964,1.61,0.6
英格兰,刚果民主共和国,07-02 00:00,2:1,7.75,0.0944,0.0854,-0.0091,0.83,0.7964,1.61,0.6
英格兰,刚果民主共和国,07-02 00:00,1:1,9.5,0.077,0.0,-0.077,0.83,0.7964,1.61,0.6
英格兰,刚果民主共和国,07-02 00:00,3:1,10.5,0.0697,0.0458,-0.0239,0.83,0.7964,1.61,0.6
英格兰,刚果民主共和国,07-02 00:00,4:0,11.0,0.0665,0.0306,-0.0359,0.83,0.7964,1.61,0.6
英格兰,刚果民主共和国,07-02 00:00,0:0,12.0,0.061,0.0,-0.061,0.83,0.7964,1.61,0.6
英格兰,刚果民主共和国,07-02 00:00,4:1,20.0,0.0366,0.0184,-0.0182,0.83,0.7964,1.61,0.6
英格兰,刚果民主共和国,07-02 00:00,0:1,22.0,0.0333,0.066,0.0327,0.83,0.7964,1.61,0.6
英格兰,刚果民主共和国,07-02 00:00,5:0,24.0,0.0305,0.0098,-0.0206,0.83,0.7964,1.61,0.6
英格兰,刚果民主共和国,07-02 00:00,2:2,28.0,0.0261,0.0,-0.0261,0.83,0.7964,1.61,0.6
英格兰,刚果民主共和国,07-02 00:00,1:2,37.0,0.0198,0.0319,0.0121,0.83,0.7964,1.61,0.6
英格兰,刚果民主共和国,07-02 00:00,3:2,40.0,0.0183,0.0138,-0.0045,0.83,0.7964,1.61,0.6
英格兰,刚果民主共和国,07-02 00:00,5:1,50.0,0.0146,0.0059,-0.0087,0.83,0.7964,1.61,0.6
英格兰,刚果民主共和国,07-02 00:00,4:2,75.0,0.0098,0.0055,-0.0042,0.83,0.7964,1.61,0.6
英格兰,刚果民主共和国,07-02 00:00,0:2,90.0,0.0081,0.0198,0.0117,0.83,0.7964,1.61,0.6
英格兰,刚果民主共和国,07-02 00:00,5:2,150.0,0.0049,0.0018,-0.0031,0.83,0.7964,1.61,0.6
英格兰,刚果民主共和国,07-02 00:00,2:3,175.0,0.0042,0.0051,0.001,0.83,0.7964,1.61,0.6
英格兰,刚果民主共和国,07-02 00:00,3:3,200.0,0.0037,0.0,-0.0037,0.83,0.7964,1.61,0.6
英格兰,刚果民主共和国,07-02 00:00,1:3,200.0,0.0037,0.0064,0.0027,0.83,0.7964,1.61,0.6
英格兰,刚果民主共和国,07-02 00:00,0:3,350.0,0.0021,0.004,0.0019,0.83,0.7964,1.61,0.6
英格兰,刚果民主共和国,07-02 00:00,1:4,700.0,0.001,0.001,-0.0001,0.83,0.7964,1.61,0.6
英格兰,刚果民主共和国,07-02 00:00,2:4,700.0,0.001,0.0008,-0.0003,0.83,0.7964,1.61,0.6
英格兰,刚果民主共和国,07-02 00:00,0:4,1000.0,0.0007,0.0006,-0.0001,0.83,0.7964,1.61,0.6
英格兰,刚果民主共和国,07-02 00:00,0:5,1000.0,0.0007,0.0001,-0.0007,0.83,0.7964,1.61,0.6
英格兰,刚果民主共和国,07-02 00:00,1:5,1000.0,0.0007,0.0001,-0.0006,0.83,0.7964,1.61,0.6
英格兰,刚果民主共和国,07-02 00:00,2:5,1000.0,0.0007,0.0001,-0.0006,0.83,0.7964,1.61,0.6
比利时,塞内加尔,07-02 04:00,1:1,5.4,0.133,0.0,-0.133,0.58,0.5738,1.21,1.0
比利时,塞内加尔,07-02 04:00,1:0,6.5,0.1105,0.1333,0.0228,0.58,0.5738,1.21,1.0
比利时,塞内加尔,07-02 04:00,2:1,6.75,0.1064,0.0806,-0.0258,0.58,0.5738,1.21,1.0
比利时,塞内加尔,07-02 04:00,0:0,8.5,0.0845,0.0,-0.0845,0.58,0.5738,1.21,1.0
比利时,塞内加尔,07-02 04:00,2:0,9.0,0.0798,0.0809,0.0011,0.58,0.5738,1.21,1.0
比利时,塞内加尔,07-02 04:00,0:1,9.0,0.0798,0.1092,0.0294,0.58,0.5738,1.21,1.0
比利时,塞内加尔,07-02 04:00,1:2,11.0,0.0653,0.066,0.0007,0.58,0.5738,1.21,1.0
比利时,塞内加尔,07-02 04:00,2:2,13.0,0.0552,0.0,-0.0552,0.58,0.5738,1.21,1.0
比利时,塞内加尔,07-02 04:00,3:1,16.0,0.0449,0.0326,-0.0123,0.58,0.5738,1.21,1.0
比利时,塞内加尔,07-02 04:00,0:2,17.0,0.0422,0.0543,0.0121,0.58,0.5738,1.21,1.0
比利时,塞内加尔,07-02 04:00,3:0,19.0,0.0378,0.0328,-0.005,0.58,0.5738,1.21,1.0
比利时,塞内加尔,07-02 04:00,3:2,29.0,0.0248,0.0162,-0.0085,0.58,0.5738,1.21,1.0
比利时,塞内加尔,07-02 04:00,1:3,30.0,0.0239,0.0219,-0.002,0.58,0.5738,1.21,1.0
比利时,塞内加尔,07-02 04:00,4:1,45.0,0.016,0.0099,-0.0061,0.58,0.5738,1.21,1.0
比利时,塞内加尔,07-02 04:00,2:3,45.0,0.016,0.0133,-0.0027,0.58,0.5738,1.21,1.0
比利时,塞内加尔,07-02 04:00,0:3,50.0,0.0144,0.018,0.0037,0.58,0.5738,1.21,1.0
比利时,塞内加尔,07-02 04:00,4:0,55.0,0.0131,0.01,-0.0031,0.58,0.5738,1.21,1.0
比利时,塞内加尔,07-02 04:00,3:3,70.0,0.0103,0.0,-0.0103,0.58,0.5738,1.21,1.0
比利时,塞内加尔,07-02 04:00,4:2,80.0,0.009,0.0049,-0.004,0.58,0.5738,1.21,1.0
比利时,塞内加尔,07-02 04:00,1:4,100.0,0.0072,0.0054,-0.0017,0.58,0.5738,1.21,1.0
比利时,塞内加尔,07-02 04:00,5:1,120.0,0.006,0.0024,-0.0036,0.58,0.5738,1.21,1.0
比利时,塞内加尔,07-02 04:00,5:0,150.0,0.0048,0.0024,-0.0024,0.58,0.5738,1.21,1.0
比利时,塞内加尔,07-02 04:00,0:4,175.0,0.0041,0.0045,0.0004,0.58,0.5738,1.21,1.0
比利时,塞内加尔,07-02 04:00,2:4,175.0,0.0041,0.0033,-0.0008,0.58,0.5738,1.21,1.0
比利时,塞内加尔,07-02 04:00,5:2,250.0,0.0029,0.0012,-0.0017,0.58,0.5738,1.21,1.0
比利时,塞内加尔,07-02 04:00,0:5,500.0,0.0014,0.0009,-0.0005,0.58,0.5738,1.21,1.0
比利时,塞内加尔,07-02 04:00,1:5,500.0,0.0014,0.0011,-0.0004,0.58,0.5738,1.21,1.0
比利时,塞内加尔,07-02 04:00,2:5,500.0,0.0014,0.0007,-0.0008,0.58,0.5738,1.21,1.0
美国,波黑,07-02 08:00,2:0,5.8,0.1255,0.11,-0.0155,0.86,0.6991,1.42,0.79
美国,波黑,07-02 08:00,1:0,6.0,0.1213,0.1554,0.0341,0.86,0.6991,1.42,0.79
美国,波黑,07-02 08:00,2:1,6.75,0.1078,0.0873,-0.0205,0.86,0.6991,1.42,0.79
美国,波黑,07-02 08:00,3:0,8.0,0.091,0.0519,-0.039,0.86,0.6991,1.42,0.79
美国,波黑,07-02 08:00,1:1,8.0,0.091,0.0,-0.091,0.86,0.6991,1.42,0.79
美国,波黑,07-02 08:00,3:1,10.0,0.0728,0.0412,-0.0316,0.86,0.6991,1.42,0.79
美国,波黑,07-02 08:00,0:0,13.0,0.056,0.0,-0.056,0.86,0.6991,1.42,0.79
美国,波黑,07-02 08:00,4:0,16.0,0.0455,0.0184,-0.0271,0.86,0.6991,1.42,0.79
美国,波黑,07-02 08:00,0:1,17.0,0.0428,0.0871,0.0443,0.86,0.6991,1.42,0.79
美国,波黑,07-02 08:00,2:2,18.0,0.0404,0.0,-0.0404,0.86,0.6991,1.42,0.79
美国,波黑,07-02 08:00,1:2,20.0,0.0364,0.0489,0.0125,0.86,0.6991,1.42,0.79
美国,波黑,07-02 08:00,4:1,21.0,0.0347,0.0146,-0.0201,0.86,0.6991,1.42,0.79
美国,波黑,07-02 08:00,3:2,27.0,0.027,0.0164,-0.0106,0.86,0.6991,1.42,0.79
美国,波黑,07-02 08:00,5:0,40.0,0.0182,0.0052,-0.013,0.86,0.6991,1.42,0.79
美国,波黑,07-02 08:00,5:1,45.0,0.0162,0.0041,-0.012,0.86,0.6991,1.42,0.79
美国,波黑,07-02 08:00,4:2,50.0,0.0146,0.0058,-0.0088,0.86,0.6991,1.42,0.79
美国,波黑,07-02 08:00,0:2,50.0,0.0146,0.0346,0.02,0.86,0.6991,1.42,0.79
美国,波黑,07-02 08:00,2:3,75.0,0.0097,0.0092,-0.0005,0.86,0.6991,1.42,0.79
美国,波黑,07-02 08:00,3:3,80.0,0.0091,0.0,-0.0091,0.86,0.6991,1.42,0.79
美国,波黑,07-02 08:00,1:3,90.0,0.0081,0.0129,0.0049,0.86,0.6991,1.42,0.79
美国,波黑,07-02 08:00,5:2,120.0,0.0061,0.0016,-0.0044,0.86,0.6991,1.42,0.79
美国,波黑,07-02 08:00,0:3,175.0,0.0042,0.0091,0.005,0.86,0.6991,1.42,0.79
美国,波黑,07-02 08:00,2:4,350.0,0.0021,0.0018,-0.0003,0.86,0.6991,1.42,0.79
美国,波黑,07-02 08:00,1:4,400.0,0.0018,0.0026,0.0007,0.86,0.6991,1.42,0.79
美国,波黑,07-02 08:00,0:4,600.0,0.0012,0.0018,0.0006,0.86,0.6991,1.42,0.79
美国,波黑,07-02 08:00,0:5,1000.0,0.0007,0.0003,-0.0004,0.86,0.6991,1.42,0.79
美国,波黑,07-02 08:00,1:5,1000.0,0.0007,0.0004,-0.0003,0.86,0.6991,1.42,0.79
美国,波黑,07-02 08:00,2:5,1000.0,0.0007,0.0003,-0.0004,0.86,0.6991,1.42,0.79
