world_cup_year,backtest_stage,diagnostic_dimension,diagnostic_value,matches,outcome_accuracy,outcome_log_loss,outcome_brier,avg_top_probability,avg_actual_outcome_probability,upset_rate,high_confidence_miss_rate
combined,all,same_confederation,False,105,0.5428571428571428,1.025492420135923,0.6039302690692023,0.537372308346458,0.40727803814929825,0.45714285714285713,0.10476190476190476
combined,all,same_confederation,True,23,0.5217391304347826,0.9802106763407533,0.5845411337411786,0.47220949541147483,0.39345473920807583,0.4782608695652174,0.0
combined,all,confederation_pair,AFC_vs_CAF,6,0.3333333333333333,1.2195046159243836,0.7399441349238436,0.41966981607437853,0.30577427834969445,0.6666666666666666,0.0
combined,all,confederation_pair,AFC_vs_CONCACAF,4,0.5,1.0977108295222746,0.6688034605232716,0.5210416562085775,0.3643525461688977,0.5,0.25
combined,all,confederation_pair,AFC_vs_CONMEBOL,8,0.625,1.1096777073699433,0.6150659893720478,0.6204077243021893,0.43623006226108824,0.375,0.25
combined,all,confederation_pair,AFC_vs_UEFA,19,0.5789473684210527,1.0325458586867047,0.6067713442750499,0.509329630529791,0.39276632462615085,0.42105263157894735,0.10526315789473684
combined,all,confederation_pair,CAF_vs_CONCACAF,2,0.0,1.1825501748305216,0.7515702412516981,0.46651701776452764,0.3069757035968901,1.0,0.0
combined,all,confederation_pair,CAF_vs_CONMEBOL,6,0.6666666666666666,1.139134416336473,0.5980464071470021,0.6198905806111726,0.4410269982744885,0.3333333333333333,0.16666666666666666
combined,all,confederation_pair,CAF_vs_UEFA,21,0.5714285714285714,1.0015586560803353,0.597803028639437,0.5313980393805254,0.4045554097066535,0.42857142857142855,0.09523809523809523
combined,all,confederation_pair,CONCACAF_vs_CONMEBOL,3,1.0,0.3550706289192694,0.14064042550811848,0.7039409905650226,0.7039409905650226,0.0,0.0
combined,all,confederation_pair,CONCACAF_vs_UEFA,14,0.5,0.9539464754776231,0.5584124751075775,0.5518576297655324,0.4308660741856732,0.5,0.0
combined,all,confederation_pair,CONMEBOL_vs_UEFA,22,0.5,1.0372699526280964,0.6347108040719879,0.52417345209156,0.391818748815548,0.5,0.13636363636363635
combined,all,confederation_pair,UEFA_vs_UEFA,23,0.5217391304347826,0.9802106763407533,0.5845411337411786,0.47220949541147483,0.39345473920807583,0.4782608695652174,0.0
combined,all,favorite_matchup_profile,AFC_favorite_vs_CAF,4,0.5,1.2055504134813944,0.7279381198315542,0.42865750311704887,0.31347228290062573,0.5,0.0
combined,all,favorite_matchup_profile,AFC_favorite_vs_CONCACAF,2,0.0,1.4760704556476256,0.9408568110827433,0.5546106487161666,0.24123242863680722,1.0,0.5
combined,all,favorite_matchup_profile,AFC_favorite_vs_UEFA,1,1.0,0.7702757274321147,0.4327386822540159,0.4628854205056766,0.4628854205056766,0.0,0.0
combined,all,favorite_matchup_profile,CAF_favorite_vs_AFC,2,0.0,1.2474130208103624,0.7639561651084221,0.40169444198903775,0.29037826924783183,1.0,0.0
combined,all,favorite_matchup_profile,CAF_favorite_vs_UEFA,1,1.0,0.9145995755140444,0.5472809118618984,0.4006770348685958,0.4006770348685958,0.0,0.0
combined,all,favorite_matchup_profile,CONCACAF_favorite_vs_AFC,2,1.0,0.7193512033969235,0.39675010996379967,0.4874726637009882,0.4874726637009882,0.0,0.0
combined,all,favorite_matchup_profile,CONCACAF_favorite_vs_CAF,2,0.0,1.1825501748305216,0.7515702412516981,0.46651701776452764,0.3069757035968901,1.0,0.0
combined,all,favorite_matchup_profile,CONCACAF_favorite_vs_UEFA,4,0.0,1.3389674004625847,0.8300551252614449,0.4642486304343045,0.26780036083885184,1.0,0.0
combined,all,favorite_matchup_profile,CONMEBOL_favorite_vs_AFC,8,0.625,1.1096777073699433,0.6150659893720478,0.6204077243021893,0.43623006226108824,0.375,0.25
combined,all,favorite_matchup_profile,CONMEBOL_favorite_vs_CAF,6,0.6666666666666666,1.139134416336473,0.5980464071470021,0.6198905806111726,0.4410269982744885,0.3333333333333333,0.16666666666666666
combined,all,favorite_matchup_profile,CONMEBOL_favorite_vs_CONCACAF,3,1.0,0.3550706289192694,0.14064042550811848,0.7039409905650226,0.7039409905650226,0.0,0.0
combined,all,favorite_matchup_profile,CONMEBOL_favorite_vs_UEFA,18,0.4444444444444444,1.042492293856,0.6400907391770746,0.5515846877766795,0.3975978862836084,0.5555555555555556,0.16666666666666666
combined,all,favorite_matchup_profile,UEFA_favorite_vs_AFC,18,0.5555555555555556,1.047116421534182,0.6164398254984408,0.5119098644200197,0.3888708192995105,0.4444444444444444,0.1111111111111111
combined,all,favorite_matchup_profile,UEFA_favorite_vs_CAF,20,0.55,1.00590661010865,0.6003291344783139,0.5379340896061219,0.4047493284485565,0.45,0.1
combined,all,favorite_matchup_profile,UEFA_favorite_vs_CONCACAF,10,0.7,0.7999381054836385,0.44975541504603056,0.5869012294980236,0.4960923595244018,0.3,0.0
combined,all,favorite_matchup_profile,UEFA_favorite_vs_CONMEBOL,4,0.75,1.0137694171025307,0.6105010960990976,0.4008228915085227,0.365812630209276,0.25,0.0
combined,all,favorite_matchup_profile,UEFA_favorite_vs_UEFA,23,0.5217391304347826,0.9802106763407533,0.5845411337411786,0.47220949541147483,0.39345473920807583,0.4782608695652174,0.0
combined,group_stage,same_confederation,False,85,0.5411764705882353,1.043643647474505,0.6134928461313094,0.5399119127412941,0.4033842335159024,0.4588235294117647,0.11764705882352941
combined,group_stage,same_confederation,True,11,0.5454545454545454,0.9508313039973132,0.5644872437897032,0.49685690905040847,0.40837765827652234,0.45454545454545453,0.0
combined,group_stage,confederation_pair,AFC_vs_CAF,6,0.3333333333333333,1.2195046159243836,0.7399441349238436,0.41966981607437853,0.30577427834969445,0.6666666666666666,0.0
combined,group_stage,confederation_pair,AFC_vs_CONCACAF,4,0.5,1.0977108295222746,0.6688034605232716,0.5210416562085775,0.3643525461688977,0.5,0.25
combined,group_stage,confederation_pair,AFC_vs_CONMEBOL,6,0.5,1.3728413935710009,0.7810098298690065,0.5851851768302002,0.33961496077539866,0.5,0.3333333333333333
combined,group_stage,confederation_pair,AFC_vs_UEFA,17,0.5882352941176471,1.0505246899231635,0.6186099092236702,0.5094528509456502,0.38692510910049,0.4117647058823529,0.11764705882352941
combined,group_stage,confederation_pair,CAF_vs_CONCACAF,2,0.0,1.1825501748305216,0.7515702412516981,0.46651701776452764,0.3069757035968901,1.0,0.0
combined,group_stage,confederation_pair,CAF_vs_CONMEBOL,6,0.6666666666666666,1.139134416336473,0.5980464071470021,0.6198905806111726,0.4410269982744885,0.3333333333333333,0.16666666666666666
combined,group_stage,confederation_pair,CAF_vs_UEFA,16,0.5625,0.9970722678062343,0.5937548836036125,0.5342374360154063,0.40830538458721255,0.4375,0.125
combined,group_stage,confederation_pair,CONCACAF_vs_CONMEBOL,2,1.0,0.33453776628521764,0.1288884249691603,0.7194540183913299,0.7194540183913299,0.0,0.0
combined,group_stage,confederation_pair,CONCACAF_vs_UEFA,13,0.46153846153846156,0.9728384219160412,0.571577687022812,0.5564270241354408,0.4261284258186693,0.5384615384615384,0.0
combined,group_stage,confederation_pair,CONMEBOL_vs_UEFA,13,0.6153846153846154,0.9566794447322422,0.5807539991715875,0.5573755145143221,0.431431557850443,0.38461538461538464,0.15384615384615385
combined,group_stage,confederation_pair,UEFA_vs_UEFA,11,0.5454545454545454,0.9508313039973132,0.5644872437897032,0.49685690905040847,0.40837765827652234,0.45454545454545453,0.0
combined,group_stage,favorite_matchup_profile,AFC_favorite_vs_CAF,4,0.5,1.2055504134813944,0.7279381198315542,0.42865750311704887,0.31347228290062573,0.5,0.0
combined,group_stage,favorite_matchup_profile,AFC_favorite_vs_CONCACAF,2,0.0,1.4760704556476256,0.9408568110827433,0.5546106487161666,0.24123242863680722,1.0,0.5
combined,group_stage,favorite_matchup_profile,AFC_favorite_vs_UEFA,1,1.0,0.7702757274321147,0.4327386822540159,0.4628854205056766,0.4628854205056766,0.0,0.0
combined,group_stage,favorite_matchup_profile,CAF_favorite_vs_AFC,2,0.0,1.2474130208103624,0.7639561651084221,0.40169444198903775,0.29037826924783183,1.0,0.0
combined,group_stage,favorite_matchup_profile,CAF_favorite_vs_UEFA,1,1.0,0.9145995755140444,0.5472809118618984,0.4006770348685958,0.4006770348685958,0.0,0.0
combined,group_stage,favorite_matchup_profile,CONCACAF_favorite_vs_AFC,2,1.0,0.7193512033969235,0.39675010996379967,0.4874726637009882,0.4874726637009882,0.0,0.0
combined,group_stage,favorite_matchup_profile,CONCACAF_favorite_vs_CAF,2,0.0,1.1825501748305216,0.7515702412516981,0.46651701776452764,0.3069757035968901,1.0,0.0
combined,group_stage,favorite_matchup_profile,CONCACAF_favorite_vs_UEFA,4,0.0,1.3389674004625847,0.8300551252614449,0.4642486304343045,0.26780036083885184,1.0,0.0
combined,group_stage,favorite_matchup_profile,CONMEBOL_favorite_vs_AFC,6,0.5,1.3728413935710009,0.7810098298690065,0.5851851768302002,0.33961496077539866,0.5,0.3333333333333333
combined,group_stage,favorite_matchup_profile,CONMEBOL_favorite_vs_CAF,6,0.6666666666666666,1.139134416336473,0.5980464071470021,0.6198905806111726,0.4410269982744885,0.3333333333333333,0.16666666666666666
combined,group_stage,favorite_matchup_profile,CONMEBOL_favorite_vs_CONCACAF,2,1.0,0.33453776628521764,0.1288884249691603,0.7194540183913299,0.7194540183913299,0.0,0.0
combined,group_stage,favorite_matchup_profile,CONMEBOL_favorite_vs_UEFA,10,0.6,0.9304001924607839,0.5652831830377922,0.6040214771714,0.4542984380280558,0.4,0.2
combined,group_stage,favorite_matchup_profile,UEFA_favorite_vs_AFC,16,0.5625,1.068040250078854,0.6302268609092736,0.5123633153481485,0.3821775896376658,0.4375,0.125
combined,group_stage,favorite_matchup_profile,UEFA_favorite_vs_CAF,15,0.5333333333333333,1.0025704472923802,0.5968531483863935,0.5431414627585269,0.4088139412351204,0.4666666666666667,0.13333333333333333
combined,group_stage,favorite_matchup_profile,UEFA_favorite_vs_CONCACAF,9,0.6666666666666666,0.8101144314509108,0.4566988255834197,0.5973951991137236,0.4964964546985882,0.3333333333333333,0.0
combined,group_stage,favorite_matchup_profile,UEFA_favorite_vs_CONMEBOL,3,0.6666666666666666,1.04427695230377,0.6323233862842382,0.40188897232406245,0.3552086239250671,0.3333333333333333,0.0
combined,group_stage,favorite_matchup_profile,UEFA_favorite_vs_UEFA,11,0.5454545454545454,0.9508313039973132,0.5644872437897032,0.49685690905040847,0.40837765827652234,0.45454545454545453,0.0
combined,knockout,same_confederation,False,20,0.55,0.9483497039469488,0.5632893165552467,0.5265789896684043,0.4238267078412302,0.45,0.05
combined,knockout,same_confederation,True,12,0.5,1.0071417676555738,0.6029238661966972,0.449616032909119,0.3797753967286665,0.5,0.0
combined,knockout,confederation_pair,AFC_vs_CONMEBOL,2,1.0,0.32018664876677005,0.11723446788117178,0.726075366718157,0.726075366718157,0.0,0.0
combined,knockout,confederation_pair,AFC_vs_UEFA,2,0.5,0.8797257931768052,0.5061435422117769,0.5082822569949877,0.44241665659426815,0.5,0.0
combined,knockout,confederation_pair,CAF_vs_UEFA,5,0.6,1.015915098557459,0.6107570927540753,0.5223119701489066,0.39255549008886476,0.4,0.0
combined,knockout,confederation_pair,CONCACAF_vs_CONMEBOL,1,1.0,0.3961363541873728,0.16414442658603484,0.6729149349124076,0.6729149349124076,0.0,0.0
combined,knockout,confederation_pair,CONCACAF_vs_UEFA,1,1.0,0.7083511717781881,0.38726472020952846,0.4924555029567242,0.4924555029567242,0.0,0.0
combined,knockout,confederation_pair,CONMEBOL_vs_UEFA,9,0.3333333333333333,1.1536784640332192,0.7126484111503442,0.4762149174809038,0.33460024687625517,0.6666666666666666,0.1111111111111111
combined,knockout,confederation_pair,UEFA_vs_UEFA,12,0.5,1.0071417676555738,0.6029238661966972,0.449616032909119,0.3797753967286665,0.5,0.0
combined,knockout,favorite_matchup_profile,CONMEBOL_favorite_vs_AFC,2,1.0,0.32018664876677005,0.11723446788117178,0.726075366718157,0.726075366718157,0.0,0.0
combined,knockout,favorite_matchup_profile,CONMEBOL_favorite_vs_CONCACAF,1,1.0,0.3961363541873728,0.16414442658603484,0.6729149349124076,0.6729149349124076,0.0,0.0
combined,knockout,favorite_matchup_profile,CONMEBOL_favorite_vs_UEFA,8,0.25,1.18260742060002,0.7336001843511776,0.4860387010332789,0.32672219660304913,0.75,0.125
combined,knockout,favorite_matchup_profile,UEFA_favorite_vs_AFC,2,0.5,0.8797257931768052,0.5061435422117769,0.5082822569949877,0.44241665659426815,0.5,0.0
combined,knockout,favorite_matchup_profile,UEFA_favorite_vs_CAF,5,0.6,1.015915098557459,0.6107570927540753,0.5223119701489066,0.39255549008886476,0.4,0.0
combined,knockout,favorite_matchup_profile,UEFA_favorite_vs_CONCACAF,1,1.0,0.7083511717781881,0.38726472020952846,0.4924555029567242,0.4924555029567242,0.0,0.0
combined,knockout,favorite_matchup_profile,UEFA_favorite_vs_CONMEBOL,1,1.0,0.9222468114988128,0.5450342255436759,0.397624649061903,0.397624649061903,0.0,0.0
combined,knockout,favorite_matchup_profile,UEFA_favorite_vs_UEFA,12,0.5,1.0071417676555738,0.6029238661966972,0.449616032909119,0.3797753967286665,0.5,0.0
2018,all,same_confederation,False,49,0.5918367346938775,0.9492394251524953,0.5619050066218697,0.5292452279559974,0.42600761075333476,0.40816326530612246,0.10204081632653061
2018,all,same_confederation,True,15,0.4,1.0351002694290128,0.6261220131204835,0.4634927860816138,0.37098240284588296,0.6,0.0
2018,all,confederation_pair,AFC_vs_CAF,3,0.3333333333333333,1.1086392090948634,0.6686517566817262,0.4129874816149017,0.3387766997874311,0.6666666666666666,0.0
2018,all,confederation_pair,AFC_vs_CONCACAF,1,1.0,0.6785990609618657,0.36779401219808644,0.507327229270719,0.507327229270719,0.0,0.0
2018,all,confederation_pair,AFC_vs_CONMEBOL,3,0.6666666666666666,0.940516415386457,0.5371303140969771,0.6120346171816189,0.4628505592340235,0.3333333333333333,0.3333333333333333
2018,all,confederation_pair,AFC_vs_UEFA,9,0.6666666666666666,0.9288126427576453,0.5313820237293949,0.5254021160979385,0.4359157983798887,0.3333333333333333,0.1111111111111111
2018,all,confederation_pair,CAF_vs_CONCACAF,1,0.0,1.2384843135713894,0.8020368383598641,0.505936246740505,0.2898231662407937,1.0,0.0
2018,all,confederation_pair,CAF_vs_CONMEBOL,3,1.0,0.5644911496754076,0.2804365956344694,0.5708182713283984,0.5708182713283984,0.0,0.0
2018,all,confederation_pair,CAF_vs_UEFA,8,0.75,0.8407098600240754,0.49798106857767716,0.5277105069449275,0.4556089666744362,0.25,0.125
2018,all,confederation_pair,CONCACAF_vs_CONMEBOL,2,1.0,0.31393479395527724,0.11597947593024034,0.7330363088606695,0.7330363088606695,0.0,0.0
2018,all,confederation_pair,CONCACAF_vs_UEFA,6,0.3333333333333333,0.9874775675729602,0.5922968264212524,0.5541335107852732,0.4188281799933848,0.6666666666666666,0.0
2018,all,confederation_pair,CONMEBOL_vs_UEFA,13,0.46153846153846156,1.1628446520853153,0.7194486001615524,0.4916196000449267,0.33944079414278405,0.5384615384615384,0.15384615384615385
2018,all,confederation_pair,UEFA_vs_UEFA,15,0.4,1.0351002694290128,0.6261220131204835,0.4634927860816138,0.37098240284588296,0.6,0.0
2018,all,favorite_matchup_profile,AFC_favorite_vs_CAF,1,1.0,0.8310915856638655,0.478042939828334,0.4355735608666294,0.4355735608666294,0.0,0.0
2018,all,favorite_matchup_profile,CAF_favorite_vs_AFC,2,0.0,1.2474130208103624,0.7639561651084221,0.40169444198903775,0.29037826924783183,1.0,0.0
2018,all,favorite_matchup_profile,CAF_favorite_vs_UEFA,1,1.0,0.9145995755140444,0.5472809118618984,0.4006770348685958,0.4006770348685958,0.0,0.0
2018,all,favorite_matchup_profile,CONCACAF_favorite_vs_AFC,1,1.0,0.6785990609618657,0.36779401219808644,0.507327229270719,0.507327229270719,0.0,0.0
2018,all,favorite_matchup_profile,CONCACAF_favorite_vs_CAF,1,0.0,1.2384843135713894,0.8020368383598641,0.505936246740505,0.2898231662407937,1.0,0.0
2018,all,favorite_matchup_profile,CONCACAF_favorite_vs_UEFA,2,0.0,1.1663688884373808,0.7185074084800886,0.415601857807181,0.31501213016163226,1.0,0.0
2018,all,favorite_matchup_profile,CONMEBOL_favorite_vs_AFC,3,0.6666666666666666,0.940516415386457,0.5371303140969771,0.6120346171816189,0.4628505592340235,0.3333333333333333,0.3333333333333333
2018,all,favorite_matchup_profile,CONMEBOL_favorite_vs_CAF,3,1.0,0.5644911496754076,0.2804365956344694,0.5708182713283984,0.5708182713283984,0.0,0.0
2018,all,favorite_matchup_profile,CONMEBOL_favorite_vs_CONCACAF,2,1.0,0.31393479395527724,0.11597947593024034,0.7330363088606695,0.7330363088606695,0.0,0.0
2018,all,favorite_matchup_profile,CONMEBOL_favorite_vs_UEFA,11,0.36363636363636365,1.210367192799132,0.7538714630253878,0.507175929558391,0.32732824985585873,0.6363636363636364,0.18181818181818182
2018,all,favorite_matchup_profile,UEFA_favorite_vs_AFC,9,0.6666666666666666,0.9288126427576453,0.5313820237293949,0.5254021160979385,0.4359157983798887,0.3333333333333333,0.1111111111111111
2018,all,favorite_matchup_profile,UEFA_favorite_vs_CAF,7,0.7142857142857143,0.8301541863826516,0.49093823382278845,0.545858145812975,0.46345638550384194,0.2857142857142857,0.14285714285714285
2018,all,favorite_matchup_profile,UEFA_favorite_vs_CONCACAF,4,0.5,0.8980319071407497,0.5291915353918341,0.6233993372743192,0.47073620490926105,0.5,0.0
2018,all,favorite_matchup_profile,UEFA_favorite_vs_CONMEBOL,2,1.0,0.9014706781593229,0.5301228544104584,0.4060597877208736,0.4060597877208736,0.0,0.0
2018,all,favorite_matchup_profile,UEFA_favorite_vs_UEFA,15,0.4,1.0351002694290128,0.6261220131204835,0.4634927860816138,0.37098240284588296,0.6,0.0
2018,group_stage,same_confederation,False,42,0.5952380952380952,0.944205890530407,0.5605663389868127,0.5376624132888883,0.4286731476308868,0.40476190476190477,0.11904761904761904
2018,group_stage,same_confederation,True,6,0.5,0.934410831979132,0.5583347259198469,0.5056232173131274,0.4140285315847054,0.5,0.0
2018,group_stage,confederation_pair,AFC_vs_CAF,3,0.3333333333333333,1.1086392090948634,0.6686517566817262,0.4129874816149017,0.3387766997874311,0.6666666666666666,0.0
2018,group_stage,confederation_pair,AFC_vs_CONCACAF,1,1.0,0.6785990609618657,0.36779401219808644,0.507327229270719,0.507327229270719,0.0,0.0
2018,group_stage,confederation_pair,AFC_vs_CONMEBOL,3,0.6666666666666666,0.940516415386457,0.5371303140969771,0.6120346171816189,0.4628505592340235,0.3333333333333333,0.3333333333333333
2018,group_stage,confederation_pair,AFC_vs_UEFA,8,0.625,0.9802285924526277,0.5671580058379244,0.5165751778570512,0.41590307042424524,0.375,0.125
2018,group_stage,confederation_pair,CAF_vs_CONCACAF,1,0.0,1.2384843135713894,0.8020368383598641,0.505936246740505,0.2898231662407937,1.0,0.0
2018,group_stage,confederation_pair,CAF_vs_CONMEBOL,3,1.0,0.5644911496754076,0.2804365956344694,0.5708182713283984,0.5708182713283984,0.0,0.0
2018,group_stage,confederation_pair,CAF_vs_UEFA,8,0.75,0.8407098600240754,0.49798106857767716,0.5277105069449275,0.4556089666744362,0.25,0.125
2018,group_stage,confederation_pair,CONCACAF_vs_CONMEBOL,1,1.0,0.23173323372318164,0.06781452527444584,0.7931576828089315,0.7931576828089315,0.0,0.0
2018,group_stage,confederation_pair,CONCACAF_vs_UEFA,6,0.3333333333333333,0.9874775675729602,0.5922968264212524,0.5541335107852732,0.4188281799933848,0.6666666666666666,0.0
2018,group_stage,confederation_pair,CONMEBOL_vs_UEFA,8,0.5,1.1468146807873856,0.7215739135652366,0.5385990682263659,0.3514452692971857,0.5,0.25
2018,group_stage,confederation_pair,UEFA_vs_UEFA,6,0.5,0.934410831979132,0.5583347259198469,0.5056232173131274,0.4140285315847054,0.5,0.0
2018,group_stage,favorite_matchup_profile,AFC_favorite_vs_CAF,1,1.0,0.8310915856638655,0.478042939828334,0.4355735608666294,0.4355735608666294,0.0,0.0
2018,group_stage,favorite_matchup_profile,CAF_favorite_vs_AFC,2,0.0,1.2474130208103624,0.7639561651084221,0.40169444198903775,0.29037826924783183,1.0,0.0
2018,group_stage,favorite_matchup_profile,CAF_favorite_vs_UEFA,1,1.0,0.9145995755140444,0.5472809118618984,0.4006770348685958,0.4006770348685958,0.0,0.0
2018,group_stage,favorite_matchup_profile,CONCACAF_favorite_vs_AFC,1,1.0,0.6785990609618657,0.36779401219808644,0.507327229270719,0.507327229270719,0.0,0.0
2018,group_stage,favorite_matchup_profile,CONCACAF_favorite_vs_CAF,1,0.0,1.2384843135713894,0.8020368383598641,0.505936246740505,0.2898231662407937,1.0,0.0
2018,group_stage,favorite_matchup_profile,CONCACAF_favorite_vs_UEFA,2,0.0,1.1663688884373808,0.7185074084800886,0.415601857807181,0.31501213016163226,1.0,0.0
2018,group_stage,favorite_matchup_profile,CONMEBOL_favorite_vs_AFC,3,0.6666666666666666,0.940516415386457,0.5371303140969771,0.6120346171816189,0.4628505592340235,0.3333333333333333,0.3333333333333333
2018,group_stage,favorite_matchup_profile,CONMEBOL_favorite_vs_CAF,3,1.0,0.5644911496754076,0.2804365956344694,0.5708182713283984,0.5708182713283984,0.0,0.0
2018,group_stage,favorite_matchup_profile,CONMEBOL_favorite_vs_CONCACAF,1,1.0,0.23173323372318164,0.06781452527444584,0.7931576828089315,0.7931576828089315,0.0,0.0
2018,group_stage,favorite_matchup_profile,CONMEBOL_favorite_vs_UEFA,7,0.42857142857142855,1.1848318430684643,0.7510542607492361,0.5563282313472976,0.34243817542823457,0.5714285714285714,0.2857142857142857
2018,group_stage,favorite_matchup_profile,UEFA_favorite_vs_AFC,8,0.625,0.9802285924526277,0.5671580058379244,0.5165751778570512,0.41590307042424524,0.375,0.125
2018,group_stage,favorite_matchup_profile,UEFA_favorite_vs_CAF,7,0.7142857142857143,0.8301541863826516,0.49093823382278845,0.545858145812975,0.46345638550384194,0.2857142857142857,0.14285714285714285
2018,group_stage,favorite_matchup_profile,UEFA_favorite_vs_CONCACAF,4,0.5,0.8980319071407497,0.5291915353918341,0.6233993372743192,0.47073620490926105,0.5,0.0
2018,group_stage,favorite_matchup_profile,UEFA_favorite_vs_CONMEBOL,1,1.0,0.8806945448198331,0.5152114832772408,0.4144949263798442,0.4144949263798442,0.0,0.0
2018,group_stage,favorite_matchup_profile,UEFA_favorite_vs_UEFA,6,0.5,0.934410831979132,0.5583347259198469,0.5056232173131274,0.4140285315847054,0.5,0.0
2018,knockout,same_confederation,False,7,0.5714285714285714,0.9794406328850245,0.5699370124322121,0.478742115958652,0.41001438948802166,0.42857142857142855,0.0
2018,knockout,same_confederation,True,9,0.3333333333333333,1.1022265610622668,0.6713135379209079,0.43540583192727145,0.3422849836866681,0.6666666666666666,0.0
2018,knockout,confederation_pair,AFC_vs_UEFA,1,1.0,0.5174850451977852,0.2451741668611594,0.5960176220250367,0.5960176220250367,0.0,0.0
2018,knockout,confederation_pair,CONCACAF_vs_CONMEBOL,1,1.0,0.3961363541873728,0.16414442658603484,0.6729149349124076,0.6729149349124076,0.0,0.0
2018,knockout,confederation_pair,CONMEBOL_vs_UEFA,5,0.4,1.1884926061620027,0.716048098715658,0.416452450954624,0.3202336338957415,0.6,0.0
2018,knockout,confederation_pair,UEFA_vs_UEFA,9,0.3333333333333333,1.1022265610622668,0.6713135379209079,0.43540583192727145,0.3422849836866681,0.6666666666666666,0.0
2018,knockout,favorite_matchup_profile,CONMEBOL_favorite_vs_CONCACAF,1,1.0,0.3961363541873728,0.16414442658603484,0.6729149349124076,0.6729149349124076,0.0,0.0
2018,knockout,favorite_matchup_profile,CONMEBOL_favorite_vs_UEFA,4,0.25,1.2550540548278002,0.7588015670086536,0.4211594014278042,0.3008858801042011,0.75,0.0
2018,knockout,favorite_matchup_profile,UEFA_favorite_vs_AFC,1,1.0,0.5174850451977852,0.2451741668611594,0.5960176220250367,0.5960176220250367,0.0,0.0
2018,knockout,favorite_matchup_profile,UEFA_favorite_vs_CONMEBOL,1,1.0,0.9222468114988128,0.5450342255436759,0.397624649061903,0.397624649061903,0.0,0.0
2018,knockout,favorite_matchup_profile,UEFA_favorite_vs_UEFA,9,0.3333333333333333,1.1022265610622668,0.6713135379209079,0.43540583192727145,0.3422849836866681,0.6666666666666666,0.0
2022,all,same_confederation,False,56,0.5,1.0922137907464222,0.6407023737106182,0.5444835036881112,0.3908896621207663,0.5,0.10714285714285714
2022,all,same_confederation,True,8,0.75,0.8772926893002673,0.5065769849049813,0.48855332540496427,0.43559036988718725,0.25,0.0
2022,all,confederation_pair,AFC_vs_CAF,3,0.3333333333333333,1.330370022753904,0.8112365131659608,0.4263521505338554,0.2727718569119578,0.6666666666666666,0.0
2022,all,confederation_pair,AFC_vs_CONCACAF,3,0.3333333333333333,1.2374147523757442,0.7691399432983331,0.5256131318545302,0.3166943184682906,0.6666666666666666,0.3333333333333333
2022,all,confederation_pair,AFC_vs_CONMEBOL,5,0.6,1.2111744825600352,0.6618273945370902,0.6254315885745316,0.42025776407732707,0.4,0.2
2022,all,confederation_pair,AFC_vs_UEFA,10,0.5,1.1259057530228582,0.6746217327661392,0.4948643935184583,0.35393179824778676,0.5,0.1
2022,all,confederation_pair,CAF_vs_CONCACAF,1,0.0,1.126616036089654,0.7011036441435322,0.4270977887885503,0.3241282409529865,1.0,0.0
2022,all,confederation_pair,CAF_vs_CONMEBOL,3,0.3333333333333333,1.7137776829975382,0.9156562186595347,0.668962889893947,0.3112357252205786,0.6666666666666666,0.3333333333333333
2022,all,confederation_pair,CAF_vs_UEFA,13,0.46153846153846156,1.1005425305764953,0.6592319271389815,0.5336672901101243,0.37313783618801816,0.5384615384615384,0.07692307692307693
2022,all,confederation_pair,CONCACAF_vs_CONMEBOL,1,1.0,0.4373422988472536,0.18996232466387475,0.6457503539737284,0.6457503539737284,0.0,0.0
2022,all,confederation_pair,CONCACAF_vs_UEFA,8,0.625,0.9287981564061205,0.5329992116223214,0.5501507190007269,0.4398944948298895,0.375,0.0
2022,all,confederation_pair,CONMEBOL_vs_UEFA,9,0.5555555555555556,0.8558842756343358,0.5123117652759501,0.571195682825586,0.46747579445398457,0.4444444444444444,0.1111111111111111
2022,all,confederation_pair,UEFA_vs_UEFA,8,0.75,0.8772926893002673,0.5065769849049813,0.48855332540496427,0.43559036988718725,0.25,0.0
2022,all,favorite_matchup_profile,AFC_favorite_vs_CAF,3,0.3333333333333333,1.330370022753904,0.8112365131659608,0.4263521505338554,0.2727718569119578,0.6666666666666666,0.0
2022,all,favorite_matchup_profile,AFC_favorite_vs_CONCACAF,2,0.0,1.4760704556476256,0.9408568110827433,0.5546106487161666,0.24123242863680722,1.0,0.5
2022,all,favorite_matchup_profile,AFC_favorite_vs_UEFA,1,1.0,0.7702757274321147,0.4327386822540159,0.4628854205056766,0.4628854205056766,0.0,0.0
2022,all,favorite_matchup_profile,CONCACAF_favorite_vs_AFC,1,1.0,0.7601033458319812,0.42570620772951284,0.4676180981312573,0.4676180981312573,0.0,0.0
2022,all,favorite_matchup_profile,CONCACAF_favorite_vs_CAF,1,0.0,1.126616036089654,0.7011036441435322,0.4270977887885503,0.3241282409529865,1.0,0.0
2022,all,favorite_matchup_profile,CONCACAF_favorite_vs_UEFA,2,0.0,1.5115659124877887,0.9416028420428011,0.5128954030614279,0.22058859151607135,1.0,0.0
2022,all,favorite_matchup_profile,CONMEBOL_favorite_vs_AFC,5,0.6,1.2111744825600352,0.6618273945370902,0.6254315885745316,0.42025776407732707,0.4,0.2
2022,all,favorite_matchup_profile,CONMEBOL_favorite_vs_CAF,3,0.3333333333333333,1.7137776829975382,0.9156562186595347,0.668962889893947,0.3112357252205786,0.6666666666666666,0.3333333333333333
2022,all,favorite_matchup_profile,CONMEBOL_favorite_vs_CONCACAF,1,1.0,0.4373422988472536,0.18996232466387475,0.6457503539737284,0.6457503539737284,0.0,0.0
2022,all,favorite_matchup_profile,CONMEBOL_favorite_vs_UEFA,7,0.5714285714285714,0.7786888812310779,0.46129245884401104,0.6213698792625614,0.5080216006700721,0.42857142857142855,0.14285714285714285
2022,all,favorite_matchup_profile,UEFA_favorite_vs_AFC,9,0.4444444444444444,1.1654202003107186,0.7014976272674863,0.4984176127421007,0.3418258402191323,0.5555555555555556,0.1111111111111111
2022,all,favorite_matchup_profile,UEFA_favorite_vs_CAF,13,0.46153846153846156,1.1005425305764953,0.6592319271389815,0.5336672901101243,0.37313783618801816,0.5384615384615384,0.07692307692307693
2022,all,favorite_matchup_profile,UEFA_favorite_vs_CONCACAF,6,0.8333333333333334,0.7345422377122311,0.3967980014821615,0.56256915764716,0.5129964626011623,0.16666666666666666,0.0
2022,all,favorite_matchup_profile,UEFA_favorite_vs_CONMEBOL,2,0.5,1.1260681560457386,0.6908793377877369,0.39558599529617167,0.32556547269767844,0.5,0.0
2022,all,favorite_matchup_profile,UEFA_favorite_vs_UEFA,8,0.75,0.8772926893002673,0.5065769849049813,0.48855332540496427,0.43559036988718725,0.25,0.0
2022,group_stage,same_confederation,False,43,0.4883720930232558,1.1407688984431594,0.6651885042724458,0.5421090982529465,0.37868343368266194,0.5116279069767442,0.11627906976744186
2022,group_stage,same_confederation,True,5,0.6,0.9705358704191308,0.5718702652335307,0.4863373391351458,0.4015966103067026,0.4,0.0
2022,group_stage,confederation_pair,AFC_vs_CAF,3,0.3333333333333333,1.330370022753904,0.8112365131659608,0.4263521505338554,0.2727718569119578,0.6666666666666666,0.0
2022,group_stage,confederation_pair,AFC_vs_CONCACAF,3,0.3333333333333333,1.2374147523757442,0.7691399432983331,0.5256131318545302,0.3166943184682906,0.6666666666666666,0.3333333333333333
2022,group_stage,confederation_pair,AFC_vs_CONMEBOL,3,0.3333333333333333,1.8051663717555453,1.0248893456410357,0.5583357364787814,0.2163793623167738,0.6666666666666666,0.3333333333333333
2022,group_stage,confederation_pair,AFC_vs_UEFA,9,0.5555555555555556,1.1130101098969731,0.6643449344554443,0.5031218936910715,0.361166921257152,0.4444444444444444,0.1111111111111111
2022,group_stage,confederation_pair,CAF_vs_CONCACAF,1,0.0,1.126616036089654,0.7011036441435322,0.4270977887885503,0.3241282409529865,1.0,0.0
2022,group_stage,confederation_pair,CAF_vs_CONMEBOL,3,0.3333333333333333,1.7137776829975382,0.9156562186595347,0.668962889893947,0.3112357252205786,0.6666666666666666,0.3333333333333333
2022,group_stage,confederation_pair,CAF_vs_UEFA,8,0.375,1.153434675588393,0.6895286986295478,0.5407643650858851,0.36100180249998903,0.625,0.125
2022,group_stage,confederation_pair,CONCACAF_vs_CONMEBOL,1,1.0,0.4373422988472536,0.18996232466387475,0.6457503539737284,0.6457503539737284,0.0,0.0
2022,group_stage,confederation_pair,CONCACAF_vs_UEFA,7,0.5714285714285714,0.9602905827815393,0.5538184246812918,0.5583928927212989,0.4323857793831989,0.42857142857142855,0.0
2022,group_stage,confederation_pair,CONMEBOL_vs_UEFA,5,0.8,0.6524630670440127,0.3554421361417489,0.5874178285750518,0.5594096195356545,0.2,0.0
2022,group_stage,confederation_pair,UEFA_vs_UEFA,5,0.6,0.9705358704191308,0.5718702652335307,0.4863373391351458,0.4015966103067026,0.4,0.0
2022,group_stage,favorite_matchup_profile,AFC_favorite_vs_CAF,3,0.3333333333333333,1.330370022753904,0.8112365131659608,0.4263521505338554,0.2727718569119578,0.6666666666666666,0.0
2022,group_stage,favorite_matchup_profile,AFC_favorite_vs_CONCACAF,2,0.0,1.4760704556476256,0.9408568110827433,0.5546106487161666,0.24123242863680722,1.0,0.5
2022,group_stage,favorite_matchup_profile,AFC_favorite_vs_UEFA,1,1.0,0.7702757274321147,0.4327386822540159,0.4628854205056766,0.4628854205056766,0.0,0.0
2022,group_stage,favorite_matchup_profile,CONCACAF_favorite_vs_AFC,1,1.0,0.7601033458319812,0.42570620772951284,0.4676180981312573,0.4676180981312573,0.0,0.0
2022,group_stage,favorite_matchup_profile,CONCACAF_favorite_vs_CAF,1,0.0,1.126616036089654,0.7011036441435322,0.4270977887885503,0.3241282409529865,1.0,0.0
2022,group_stage,favorite_matchup_profile,CONCACAF_favorite_vs_UEFA,2,0.0,1.5115659124877887,0.9416028420428011,0.5128954030614279,0.22058859151607135,1.0,0.0
2022,group_stage,favorite_matchup_profile,CONMEBOL_favorite_vs_AFC,3,0.3333333333333333,1.8051663717555453,1.0248893456410357,0.5583357364787814,0.2163793623167738,0.6666666666666666,0.3333333333333333
2022,group_stage,favorite_matchup_profile,CONMEBOL_favorite_vs_CAF,3,0.3333333333333333,1.7137776829975382,0.9156562186595347,0.668962889893947,0.3112357252205786,0.6666666666666666,0.3333333333333333
2022,group_stage,favorite_matchup_profile,CONMEBOL_favorite_vs_CONCACAF,1,1.0,0.4373422988472536,0.18996232466387475,0.6457503539737284,0.6457503539737284,0.0,0.0
2022,group_stage,favorite_matchup_profile,CONMEBOL_favorite_vs_UEFA,3,1.0,0.3367263410428621,0.13181733504442364,0.7153057174276385,0.7153057174276385,0.0,0.0
2022,group_stage,favorite_matchup_profile,UEFA_favorite_vs_AFC,8,0.5,1.1558519077050802,0.6932957159806228,0.5081514528392459,0.3484521088510864,0.5,0.125
2022,group_stage,favorite_matchup_profile,UEFA_favorite_vs_CAF,8,0.375,1.153434675588393,0.6895286986295478,0.5407643650858851,0.36100180249998903,0.625,0.125
2022,group_stage,favorite_matchup_profile,UEFA_favorite_vs_CONCACAF,5,0.8,0.7397804508990398,0.39870465773668806,0.5765918885852471,0.5171046545300498,0.2,0.0
2022,group_stage,favorite_matchup_profile,UEFA_favorite_vs_CONMEBOL,2,0.5,1.1260681560457386,0.6908793377877369,0.39558599529617167,0.32556547269767844,0.5,0.0
2022,group_stage,favorite_matchup_profile,UEFA_favorite_vs_UEFA,5,0.6,0.9705358704191308,0.5718702652335307,0.4863373391351458,0.4015966103067026,0.4,0.0
2022,knockout,same_confederation,False,13,0.5384615384615384,0.9316084345187542,0.5597097880061115,0.5523373062813481,0.4312641100314193,0.46153846153846156,0.07692307692307693
2022,knockout,same_confederation,True,3,1.0,0.7218873874354945,0.39775485102406555,0.4922466358546616,0.4922466358546616,0.0,0.0
2022,knockout,confederation_pair,AFC_vs_CONMEBOL,2,1.0,0.32018664876677005,0.11723446788117178,0.726075366718157,0.726075366718157,0.0,0.0
2022,knockout,confederation_pair,AFC_vs_UEFA,1,0.0,1.2419665411558252,0.7671129175623945,0.4205468919649388,0.2888156911634996,1.0,0.0
2022,knockout,confederation_pair,CAF_vs_UEFA,5,0.6,1.015915098557459,0.6107570927540753,0.5223119701489066,0.39255549008886476,0.4,0.0
2022,knockout,confederation_pair,CONCACAF_vs_UEFA,1,1.0,0.7083511717781881,0.38726472020952846,0.4924555029567242,0.4924555029567242,0.0,0.0
2022,knockout,confederation_pair,CONMEBOL_vs_UEFA,4,0.25,1.1101607863722398,0.7083988016937015,0.5509180006387535,0.35255851310189723,0.75,0.25
2022,knockout,confederation_pair,UEFA_vs_UEFA,3,1.0,0.7218873874354945,0.39775485102406555,0.4922466358546616,0.4922466358546616,0.0,0.0
2022,knockout,favorite_matchup_profile,CONMEBOL_favorite_vs_AFC,2,1.0,0.32018664876677005,0.11723446788117178,0.726075366718157,0.726075366718157,0.0,0.0
2022,knockout,favorite_matchup_profile,CONMEBOL_favorite_vs_UEFA,4,0.25,1.1101607863722398,0.7083988016937015,0.5509180006387535,0.35255851310189723,0.75,0.25
2022,knockout,favorite_matchup_profile,UEFA_favorite_vs_AFC,1,0.0,1.2419665411558252,0.7671129175623945,0.4205468919649388,0.2888156911634996,1.0,0.0
2022,knockout,favorite_matchup_profile,UEFA_favorite_vs_CAF,5,0.6,1.015915098557459,0.6107570927540753,0.5223119701489066,0.39255549008886476,0.4,0.0
2022,knockout,favorite_matchup_profile,UEFA_favorite_vs_CONCACAF,1,1.0,0.7083511717781881,0.38726472020952846,0.4924555029567242,0.4924555029567242,0.0,0.0
2022,knockout,favorite_matchup_profile,UEFA_favorite_vs_UEFA,3,1.0,0.7218873874354945,0.39775485102406555,0.4922466358546616,0.4922466358546616,0.0,0.0
