match_no,stage,group_name,date_et,home_team,away_team,home_confederation,away_confederation,same_confederation,confederation_pair,home_latest_elo,away_latest_elo,elo_diff,expected_home_win,home_rest_days,away_rest_days,rest_days_diff,points_per_match_diff_last_5,goal_diff_per_match_diff_last_5,win_rate_diff_last_10,away_win_probability,draw_probability,home_win_probability,predicted_outcome,consensus_home_win_probability,consensus_draw_probability,consensus_away_win_probability,avg_market_overround,min_market_overround,max_market_overround,bookmaker_count,latest_bookmaker_update,latest_market_update,latest_fetched_at,market_entropy,favorite_probability,favorite_outcome,has_market_odds,blended_away_win_probability,blended_draw_probability,blended_home_win_probability,model_market_home_gap,model_market_draw_gap,model_market_away_gap,blended_predicted_outcome
1,Group Stage,Group A,2026-06-11,Mexico,South Africa,CONCACAF,CAF,False,CAF_vs_CONCACAF,1822.1406555845003,1617.5499463448587,204.59070923964168,0.7645373888242127,30.0,30.0,0.0,1.2000000000000002,1.5999999999999999,0.09999999999999998,0.07386301775131517,0.15387556786204212,0.7722614143866428,home_win,0.702668561503237,0.1989578398863098,0.09837359861045318,0.12948100588550027,0.12948100588550027,0.12948100588550027,1,2026-06-11 04:25:32+00:00,2026-06-11 04:25:32+00:00,2026-06-12 15:41:35.532306+00:00,0.7973270436695623,0.702668561503237,home_win,True,0.08244172105201347,0.16965436307053583,0.7479039158774508,0.06959285288340578,-0.04508227202426768,-0.024510580859138015,home_win
2,Group Stage,Group A,2026-06-11,South Korea,Czech Republic,AFC,UEFA,False,AFC_vs_UEFA,1783.0376317169068,1711.5645645226114,71.47306719429548,0.6014312072581727,30.0,30.0,0.0,-0.40000000000000013,-1.8000000000000003,0.09999999999999998,0.2832885184221685,0.1993824256952947,0.5173290558825369,home_win,0.3557567917205692,0.3221216041397154,0.3221216041397154,0.12887915297553842,0.12887915297553842,0.12887915297553842,1,2026-06-11 12:56:33+00:00,2026-06-11 12:56:33+00:00,2026-06-12 15:41:35.532306+00:00,1.0974930275036812,0.3557567917205692,home_win,True,0.2968800984233099,0.24234113815084196,0.46077876342584817,0.16157226416196768,-0.1227391784444207,-0.0388330857175469,home_win
3,Group Stage,Group A,2026-06-18,South Africa,Czech Republic,CAF,UEFA,False,CAF_vs_UEFA,1617.5499463448587,1711.5645645226114,-94.01461817775271,0.36791041863641105,7.0,7.0,0.0,-1.2000000000000002,-2.4000000000000004,0.0,0.26034885563632104,0.2514688346175453,0.4881823097461336,home_win,0.23092400571145325,0.28677420871828707,0.4823017855702597,0.05981378105178647,0.02241321199865176,0.14003150877058146,22,2026-06-10 02:35:38+00:00,2026-06-10 02:35:38+00:00,2026-06-10 02:35:48.072109+00:00,1.0483431731747261,0.4823017855702597,away_win,True,0.33803238111319955,0.26382571555280493,0.39814190333399546,0.2572583040346803,-0.03530537410074175,-0.22195292993393867,home_win
4,Group Stage,Group A,2026-06-18,Mexico,South Korea,CONCACAF,AFC,False,AFC_vs_CONCACAF,1822.1406555845003,1783.0376317169068,39.10302386759349,0.5560373669444842,7.0,7.0,0.0,0.40000000000000013,0.9999999999999999,0.0,0.5511140401516391,0.11811901277337436,0.3307669470749866,away_win,0.5232466909636806,0.26957567096410406,0.20717763807221526,0.059534194614484365,0.022081864473168622,0.13908765652951693,22,2026-06-10 02:35:38+00:00,2026-06-10 02:35:38+00:00,2026-06-10 02:35:48.072109+00:00,1.018431083083441,0.5232466909636806,home_win,True,0.4307362994238408,0.17112884314012974,0.3981348574360295,-0.192479743888694,-0.1514566581907297,0.3439364020794239,away_win
5,Group Stage,Group A,2026-06-24,Mexico,Czech Republic,CONCACAF,UEFA,False,CONCACAF_vs_UEFA,1822.1406555845003,1711.5645645226114,110.57609106188897,0.6539679961610337,6.0,6.0,0.0,0.0,-0.8000000000000003,0.09999999999999998,0.2726313389590078,0.27746693870912414,0.44990172233186804,home_win,0.5130374566749728,0.2706055018965262,0.21635704142850104,0.0826956824319167,0.03426766470244713,0.19037430975813496,16,2026-06-10 02:35:38+00:00,2026-06-10 02:35:38+00:00,2026-06-10 02:35:48.072109+00:00,1.0273159385046609,0.5130374566749728,home_win,True,0.25293533482333047,0.2750654358247149,0.4719992293519547,-0.06313573434310477,0.006861436812597932,0.05627429753050678,home_win
6,Group Stage,Group A,2026-06-24,South Korea,South Africa,AFC,CAF,False,AFC_vs_CAF,1783.0376317169068,1617.5499463448587,165.4876853720482,0.7216425177533838,6.0,6.0,0.0,0.8,0.6000000000000001,0.09999999999999998,0.41769233205987033,0.22909556244927576,0.35321210549085386,away_win,0.46966562828858865,0.28282414828238206,0.24751022342902926,0.08320399819862541,0.035008498257137255,0.1864547110448751,16,2026-06-10 02:35:38+00:00,2026-06-10 02:35:38+00:00,2026-06-10 02:35:48.072109+00:00,1.0577288633434143,0.46966562828858865,home_win,True,0.35812859403907593,0.24790056749086298,0.39397083847006104,-0.1164535227977348,-0.0537285858331063,0.17018210863084107,home_win
7,Group Stage,Group B,2026-06-12,Canada,Bosnia and Herzegovina,CONCACAF,UEFA,False,CONCACAF_vs_UEFA,1757.0076671250433,1593.299667102183,163.70800002286023,0.7195799539855504,30.0,30.0,0.0,0.8,0.8,0.10000000000000003,0.2556464842166673,0.2688857659809139,0.47546774980241874,home_win,0.5467455293065311,0.26678546911945195,0.1864690015740169,0.1290150856838661,0.1290150856838661,0.1290150856838661,1,2026-06-12 13:52:29+00:00,2026-06-12 13:52:29+00:00,2026-06-12 15:41:35.532306+00:00,0.9957888261610597,0.5467455293065311,home_win,True,0.2314343652917397,0.26815066207940225,0.5004149726288581,-0.07127777950411235,0.002100296861461959,0.06917748264265039,home_win
8,Group Stage,Group B,2026-06-13,Qatar,Switzerland,AFC,UEFA,False,AFC_vs_UEFA,1572.4297130083562,1792.8746446983612,-220.44493169000498,0.21943138962667583,30.0,30.0,0.0,-0.7999999999999999,-1.4,-0.4,0.3544100725321998,0.1845256022000332,0.4610643252677669,home_win,0.07067208999500911,0.146145998459223,0.783181911545768,0.04731564182601547,0.007840501792114818,0.07808857808857805,24,2026-06-10 02:35:38+00:00,2026-06-10 02:35:38+00:00,2026-06-10 02:35:48.072109+00:00,0.6597227632147562,0.783181911545768,away_win,True,0.5044802161869487,0.1710927408907496,0.3244270429223017,0.3903922352727578,0.0383796037408102,-0.4287718390135682,away_win
9,Group Stage,Group B,2026-06-18,Switzerland,Bosnia and Herzegovina,UEFA,UEFA,True,UEFA_vs_UEFA,1792.8746446983612,1593.299667102183,199.5749775961781,0.7593000565541147,5.0,6.0,-1.0,0.19999999999999996,0.4,0.2,0.27926697114337656,0.2899211988700964,0.43081182998652706,home_win,0.590687944386893,0.2395691905669213,0.16974286504618574,0.06031716995714054,0.014518002322880363,0.13238687706772811,22,2026-06-10 02:35:38+00:00,2026-06-10 02:35:38+00:00,2026-06-10 02:35:48.072109+00:00,0.9543354586912923,0.590687944386893,home_win,True,0.2409335340093598,0.2722979959639851,0.48676847002665513,-0.15987611440036592,0.05035200830317507,0.10952410609719082,home_win
10,Group Stage,Group B,2026-06-18,Canada,Qatar,CONCACAF,AFC,False,AFC_vs_CONCACAF,1757.0076671250433,1572.4297130083562,184.57795411668712,0.7431710842898424,6.0,5.0,1.0,1.4,1.8,0.30000000000000004,0.48253307891452,0.0817085170069537,0.43575840407852623,away_win,0.7216008123187811,0.186086285153107,0.09231290252811196,0.05898671875122532,0.01740764955867924,0.13776595744680864,22,2026-06-10 02:35:38+00:00,2026-06-10 02:35:38+00:00,2026-06-10 02:35:48.072109+00:00,0.768300716334884,0.7216008123187811,home_win,True,0.34595601717927715,0.11824073585810735,0.5358032469626155,-0.2858424082402549,-0.1043777681461533,0.39022017638640805,home_win
11,Group Stage,Group B,2026-06-24,Canada,Switzerland,CONCACAF,UEFA,False,CONCACAF_vs_UEFA,1757.0076671250433,1792.8746446983612,-35.866977573317854,0.44856585414098604,6.0,6.0,0.0,0.6000000000000001,0.4,-0.09999999999999998,0.312099395634236,0.2881035112195864,0.39979709314617756,home_win,0.26496261984174646,0.28432929954965735,0.4507080806085962,0.07497508515178984,0.03462645178343493,0.18751797526603387,18,2026-06-10 02:35:38+00:00,2026-06-10 02:35:38+00:00,2026-06-10 02:35:48.072109+00:00,1.0686785557088996,0.4507080806085962,away_win,True,0.3606124353752621,0.28678253713511126,0.3526050274896267,0.1348344733044311,0.0037742116699290285,-0.13860868497436019,away_win
12,Group Stage,Group B,2026-06-24,Qatar,Bosnia and Herzegovina,AFC,UEFA,False,AFC_vs_UEFA,1572.4297130083562,1593.299667102183,-20.86995409382689,0.4700017932394706,6.0,6.0,0.0,-0.6,-1.0,-0.19999999999999998,0.30581256084272684,0.19589121177530366,0.4982962273819695,home_win,0.15537816590527512,0.23808236640946034,0.6065394676852646,0.07417620450077435,0.03134805253461548,0.18591549295774645,18,2026-06-10 02:35:38+00:00,2026-06-10 02:35:38+00:00,2026-06-10 02:35:48.072109+00:00,0.9342396912942144,0.6065394676852646,away_win,True,0.41106697823761507,0.2106581158972585,0.37827490586512647,0.34291806147669435,-0.04219115463415668,-0.3007269068425377,away_win
13,Group Stage,Group C,2026-06-13,Brazil,Morocco,CONMEBOL,CAF,False,CAF_vs_CONMEBOL,1926.0390822174352,1837.255291911476,88.7837903059592,0.6250597534966962,30.0,30.0,0.0,-0.20000000000000018,-0.8,-0.09999999999999998,0.5207627654091949,0.1292748883964473,0.34996234619435784,away_win,0.5865165445394607,0.24947605133931985,0.16400740412121953,0.12912698165939474,0.12912698165939474,0.12912698165939474,1,2026-06-12 04:38:11+00:00,2026-06-12 04:38:11+00:00,2026-06-12 15:41:35.532306+00:00,0.9558088799601456,0.5865165445394607,home_win,True,0.3958983889584035,0.1713452954264527,0.4327563156151438,-0.23655419834510283,-0.12020116294287256,0.35675536128797536,home_win
14,Group Stage,Group C,2026-06-13,Haiti,Scotland,CONCACAF,UEFA,False,CONCACAF_vs_UEFA,1600.0723459287058,1690.6308155929062,-90.5584696642004,0.3725491289824991,30.0,30.0,0.0,-0.40000000000000013,-0.5999999999999999,-0.19999999999999996,0.3446852252715783,0.27750675504129096,0.3778080196871308,home_win,0.1196168488701058,0.21484579651426775,0.6655373546156264,0.1297332809851972,0.1297332809851972,0.1297332809851972,1,2026-06-12 01:52:06+00:00,2026-06-12 01:52:06+00:00,2026-06-12 15:41:35.532306+00:00,0.8553796404749233,0.6655373546156264,away_win,True,0.4569834705419951,0.25557541955683283,0.28744110990117205,0.258191170817025,0.06266095852702322,-0.32085212934404805,away_win
15,Group Stage,Group C,2026-06-19,Scotland,Morocco,UEFA,CAF,False,CAF_vs_UEFA,1690.6308155929062,1837.255291911476,-146.6244763185698,0.3006849465396179,6.0,6.0,0.0,-0.40000000000000013,-0.6000000000000001,-0.09999999999999998,0.2607416121589333,0.2628788962275429,0.4763794916135237,home_win,0.2318944940364453,0.28993819797223636,0.47816730799131835,0.05997313373190971,0.01964036255056567,0.14190519460851125,22,2026-06-10 02:35:38+00:00,2026-06-10 02:35:38+00:00,2026-06-10 02:35:48.072109+00:00,1.0506655993376277,0.47816730799131835,away_win,True,0.3368406057002681,0.2723496518381856,0.3908097424615463,0.24448499757707842,-0.027059301744693454,-0.21742569583238502,home_win
16,Group Stage,Group C,2026-06-19,Brazil,Haiti,CONMEBOL,CONCACAF,False,CONCACAF_vs_CONMEBOL,1926.0390822174352,1600.0723459287058,325.9667362887294,0.8671988455709585,6.0,6.0,0.0,0.6000000000000001,0.3999999999999999,0.19999999999999996,0.04,0.08212715064938009,0.8778728493506199,home_win,0.8845150088136968,0.08150810475883025,0.033976886427472916,0.05627468334803898,0.011389759665621835,0.1416855203619909,19,2026-06-10 02:35:38+00:00,2026-06-10 02:35:38+00:00,2026-06-10 02:35:48.072109+00:00,0.4278014591522085,0.8845150088136968,home_win,True,0.037891910249615524,0.08191048458768764,0.8801976051626969,-0.006642159463076891,0.0006190458905498408,0.006023113572527085,home_win
17,Group Stage,Group C,2026-06-24,Scotland,Brazil,UEFA,CONMEBOL,False,CONMEBOL_vs_UEFA,1690.6308155929062,1926.0390822174352,-235.408266624529,0.205034752004223,5.0,5.0,0.0,-0.19999999999999996,0.19999999999999996,0.0,0.41066155533708437,0.306482647495812,0.2828557971671037,away_win,0.15088268714710257,0.20492731975433082,0.6441899930985666,0.07963697957245784,0.03723173378345801,0.18945868945868938,16,2026-06-10 02:35:38+00:00,2026-06-10 02:35:38+00:00,2026-06-10 02:35:48.072109+00:00,0.893477562760381,0.6441899930985666,away_win,True,0.4923965085536032,0.2709382827862936,0.23666520866010332,0.13197311002000112,0.10155532774148118,-0.23352843776148224,away_win
18,Group Stage,Group C,2026-06-24,Morocco,Haiti,CAF,CONCACAF,False,CAF_vs_CONCACAF,1837.255291911476,1600.0723459287058,237.1829459827702,0.7966253728312295,5.0,5.0,0.0,0.8000000000000003,1.2,0.29999999999999993,0.0637999087932159,0.10492963240624387,0.8312704588005403,home_win,0.709119554965145,0.18854530558837118,0.10233513944648386,0.07902234733850529,0.033380534315113675,0.1864042933810377,16,2026-06-10 02:35:38+00:00,2026-06-10 02:35:38+00:00,2026-06-10 02:35:48.072109+00:00,0.7915918311502654,0.709119554965145,home_win,True,0.07728723952185967,0.1341951180199884,0.7885176424581519,0.12215090383539529,-0.08361567318212731,-0.03853523065326796,home_win
19,Group Stage,Group D,2026-06-12,United States,Paraguay,CONCACAF,CONMEBOL,False,CONCACAF_vs_CONMEBOL,1739.7802483056525,1742.7389459465064,-2.9586976408538703,0.495742194747044,30.0,30.0,0.0,-0.6000000000000001,-1.0,0.09999999999999998,0.30296805683118083,0.17338237660508526,0.523649566563734,home_win,0.4946034161677246,0.2724123430585314,0.23298424077374394,0.1295094203062448,0.1295094203062448,0.1295094203062448,1,2026-06-12 09:28:39+00:00,2026-06-12 09:28:39+00:00,2026-06-12 15:41:35.532306+00:00,1.0418636108368957,0.4946034161677246,home_win,True,0.27847372121107794,0.20804286486379142,0.5134834139251307,0.029046150396009385,-0.09902996645344614,0.06998381605743689,home_win
20,Group Stage,Group D,2026-06-14,Australia,Turkey,AFC,UEFA,False,AFC_vs_UEFA,1762.2899523699268,1789.2323095674515,-26.942357197524643,0.46130436469501984,30.0,30.0,0.0,-1.2000000000000002,-1.2,-0.30000000000000004,0.2984641537724703,0.1952285218531111,0.5063073243744186,home_win,0.1874590723908652,0.2548238685143023,0.5577170590948325,0.04769826217407713,0.0064102564102563875,0.09504299671334016,24,2026-06-10 02:35:38+00:00,2026-06-10 02:35:38+00:00,2026-06-10 02:35:48.072109+00:00,0.9878867202729369,0.5577170590948325,away_win,True,0.3892026706352971,0.216086893184528,0.39471043618017493,0.3188482519835534,-0.05959534666119118,-0.25925290532236217,home_win
21,Group Stage,Group D,2026-06-19,United States,Australia,CONCACAF,AFC,False,AFC_vs_CONCACAF,1739.7802483056525,1762.2899523699268,-22.509704064274274,0.4676511806159399,7.0,5.0,2.0,-0.19999999999999996,-0.4,0.0,0.6195575124413838,0.11910671956594758,0.2613357679926687,away_win,0.5417339645750853,0.24905681643312236,0.20920921899179232,0.06020075818435462,0.028410040028954642,0.1340997793992873,22,2026-06-10 02:35:38+00:00,2026-06-10 02:35:38+00:00,2026-06-10 02:35:48.072109+00:00,1.0055708638406582,0.5417339645750853,home_win,True,0.4759356097340268,0.16458925346945874,0.35947513679651455,-0.28039819658241655,-0.1299500968671748,0.41034829344959145,away_win
22,Group Stage,Group D,2026-06-19,Paraguay,Turkey,CONMEBOL,UEFA,False,CONMEBOL_vs_UEFA,1742.7389459465064,1789.2323095674515,-46.49336362094505,0.43348722245107696,7.0,5.0,2.0,-0.8,-0.5999999999999999,-0.4,0.34243916186453366,0.3142907857269954,0.3432700524084708,home_win,0.2763304761893822,0.29722614376468737,0.4264433800459304,0.06254388570068291,0.018794094759707836,0.14371885654340422,21,2026-06-10 02:35:38+00:00,2026-06-10 02:35:38+00:00,2026-06-10 02:35:48.072109+00:00,1.0794650905295742,0.4264433800459304,away_win,True,0.37184063822802255,0.30831816104018767,0.31984120073178984,0.06693957621908858,0.017064641962308058,-0.08400421818139675,away_win
23,Group Stage,Group D,2026-06-25,United States,Turkey,CONCACAF,UEFA,False,CONCACAF_vs_UEFA,1739.7802483056525,1789.2323095674515,-49.45206126179892,0.42930949496497167,6.0,6.0,0.0,-1.4000000000000001,-1.5999999999999999,-0.30000000000000004,0.32500161909727815,0.2701359801409021,0.40486240076181984,home_win,0.3704812085576049,0.27538339379972954,0.3541353976426655,0.0767681686344729,0.029578786232778764,0.18369175627240142,15,2026-06-10 02:35:38+00:00,2026-06-10 02:35:38+00:00,2026-06-10 02:35:48.072109+00:00,1.0906216495494874,0.3704812085576049,home_win,True,0.3351984415881637,0.27197257492149174,0.39282898349034456,0.03438119220421493,-0.005247413658827416,-0.029133778545387345,home_win
24,Group Stage,Group D,2026-06-25,Paraguay,Australia,CONMEBOL,AFC,False,AFC_vs_CONMEBOL,1742.7389459465064,1762.2899523699268,-19.551006423420404,0.4718935008772935,6.0,6.0,0.0,0.40000000000000013,0.6000000000000001,-0.09999999999999998,0.4122865768571966,0.20087768837277079,0.3868357347700326,away_win,0.4333086352354942,0.2942278818461291,0.2724634829183767,0.0780928431050408,0.028628096805180192,0.18817018332756819,15,2026-06-10 02:35:38+00:00,2026-06-10 02:35:38+00:00,2026-06-10 02:35:48.072109+00:00,1.0766076144854533,0.4333086352354942,home_win,True,0.36334849397860963,0.23355025608844618,0.40310124993294416,-0.0464729004654616,-0.0933501934733583,0.13982309393881992,home_win
25,Group Stage,Group E,2026-06-14,Germany,Curaçao,UEFA,CONCACAF,False,CONCACAF_vs_UEFA,1873.2601878677929,1503.0441681976633,370.2160196701295,0.8938926830098108,30.0,30.0,0.0,2.2,3.6,0.5,0.22952925304309627,0.23944075840530418,0.5310299885515996,home_win,0.9269483504486038,0.053573933128543735,0.019477716422852516,0.03800300182306732,0.006802023516543576,0.06254045307443357,20,2026-06-10 02:35:38+00:00,2026-06-10 02:35:38+00:00,2026-06-10 02:35:48.072109+00:00,0.3038230363840611,0.9269483504486038,home_win,True,0.15601121522601097,0.17438736955843803,0.669601415215551,-0.39591836189700425,0.18586682527676046,0.21005153662024376,home_win
26,Group Stage,Group E,2026-06-14,Ivory Coast,Ecuador,CAF,CONMEBOL,False,CAF_vs_CONMEBOL,1730.1497615114006,1837.2858004732893,-107.13603896188874,0.35052675251311993,30.0,30.0,0.0,0.19999999999999973,0.40000000000000013,0.29999999999999993,0.6759508963317427,0.12327391425262163,0.20077518941563574,away_win,0.2634909156648287,0.3340865949561602,0.4024224893790111,0.1295229927305399,0.1295229927305399,0.1295229927305399,1,2026-06-08 02:02:19+00:00,2026-06-08 02:02:19+00:00,2026-06-12 15:41:35.532306+00:00,1.0840111356753026,0.4024224893790111,away_win,True,0.5802159538982866,0.1970583524988601,0.22272569360285327,-0.06271572624919294,-0.2108126807035386,0.27352840695273156,away_win
27,Group Stage,Group E,2026-06-20,Germany,Ivory Coast,UEFA,CAF,False,CAF_vs_UEFA,1873.2601878677929,1730.1497615114006,143.11042635639228,0.6950444635394688,6.0,6.0,0.0,0.6000000000000001,1.0,0.20000000000000007,0.2008235988924241,0.2531410309648179,0.546035370142758,home_win,0.609676299111832,0.2226918782103056,0.16763182267786242,0.06165954120069435,0.017610578186752157,0.13292186529076222,22,2026-06-10 02:35:38+00:00,2026-06-10 02:35:38+00:00,2026-06-10 02:35:48.072109+00:00,0.935547996076059,0.609676299111832,home_win,True,0.1892064772173275,0.2424838275007386,0.568309695281934,-0.06364092896907392,0.030449152754512293,0.03319177621456168,home_win
28,Group Stage,Group E,2026-06-20,Ecuador,Curaçao,CONMEBOL,CONCACAF,False,CONCACAF_vs_CONMEBOL,1837.2858004732893,1503.0441681976633,334.241632275626,0.8725893254020631,6.0,6.0,0.0,1.4000000000000001,2.2,0.0,0.04,0.07276898220102578,0.8872310177989743,home_win,0.7914025899112803,0.14166064467497413,0.06693676541374563,0.058982670753274145,0.01439523130236986,0.1414950419527079,22,2026-06-10 02:35:38+00:00,2026-06-10 02:35:38+00:00,2026-06-10 02:35:48.072109+00:00,0.6429952665548968,0.7914025899112803,home_win,True,0.049427867894810976,0.09688106406690769,0.8536910680382814,0.09582842788769397,-0.06889166247394836,-0.02693676541374563,home_win
29,Group Stage,Group E,2026-06-25,Ecuador,Germany,CONMEBOL,UEFA,False,CONMEBOL_vs_UEFA,1837.2858004732893,1873.2601878677929,-35.97438739450354,0.4484129195478746,5.0,5.0,0.0,-0.7999999999999998,-1.4000000000000001,-0.5,0.34640451048975474,0.3233981198986377,0.33019736961160767,away_win,0.20053932269800323,0.25140863286640813,0.5480520444355886,0.07324416435597154,0.027922077922077904,0.1895331037122081,16,2026-06-10 02:35:38+00:00,2026-06-10 02:35:38+00:00,2026-06-10 02:35:48.072109+00:00,0.9989196082335172,0.5480520444355886,away_win,True,0.4169811473707966,0.29820179943735736,0.28481705319184614,0.12965804691360444,0.07198948703222957,-0.2016475339458339,away_win
30,Group Stage,Group E,2026-06-25,Curaçao,Ivory Coast,CONCACAF,CAF,False,CAF_vs_CONCACAF,1503.0441681976633,1730.1497615114006,-227.10559331373724,0.21293483208145275,5.0,5.0,0.0,-1.5999999999999999,-2.6,-0.29999999999999993,0.6114764492002736,0.20695167014883947,0.18157188065088714,away_win,0.07588420181046636,0.1565101021314596,0.767605696058074,0.07342058626405475,0.022916666666666696,0.18721227621483383,15,2026-06-10 02:35:38+00:00,2026-06-10 02:35:38+00:00,2026-06-10 02:35:48.072109+00:00,0.6889556915983834,0.767605696058074,away_win,True,0.6661216856005037,0.1892971213427565,0.14458119305673986,0.10568767884042078,0.05044156801737987,-0.1561292468578005,away_win
31,Group Stage,Group F,2026-06-14,Netherlands,Japan,UEFA,AFC,False,AFC_vs_UEFA,1854.6955053658446,1847.883159635144,6.812345730700599,0.5098024974078772,30.0,30.0,0.0,-1.4,-0.8,-0.09999999999999998,0.2947363418101401,0.19192653080272234,0.5133371273871377,home_win,0.4730616265946753,0.26781734953824043,0.25912102386708424,0.04810875806923094,0.008635050144484069,0.10156510156510157,23,2026-06-10 02:35:38+00:00,2026-06-10 02:35:38+00:00,2026-06-10 02:35:48.072109+00:00,1.05686921038537,0.4730616265946753,home_win,True,0.28227098053007055,0.21848831736015367,0.4992407021097759,0.04027550079246234,-0.07589081873551809,0.035615317943055835,home_win
32,Group Stage,Group F,2026-06-14,Tunisia,Sweden,CAF,UEFA,False,CAF_vs_UEFA,1676.8710720681308,1703.9337843694218,-27.062712301290958,0.461132201795115,30.0,30.0,0.0,-0.6000000000000001,-1.2,0.09999999999999998,0.23974958389127657,0.2482105640454559,0.5120398520632675,home_win,0.22245188436125252,0.2806032999412924,0.49694481569745513,0.04867987336213101,0.006695658390866166,0.08606020942408366,24,2026-06-10 02:35:38+00:00,2026-06-10 02:35:38+00:00,2026-06-10 02:35:48.072109+00:00,1.0384512192625153,0.49694481569745513,away_win,True,0.32976791502343905,0.2595480216089987,0.4106840633675623,0.289587967702015,-0.032392735895836494,-0.25719523180617854,home_win
33,Group Stage,Group F,2026-06-20,Netherlands,Sweden,UEFA,UEFA,True,UEFA_vs_UEFA,1854.6955053658446,1703.9337843694218,150.7617209964228,0.7042990114875114,6.0,6.0,0.0,0.0,0.6000000000000001,0.39999999999999997,0.2837993638341988,0.289449024429386,0.4267516117364153,home_win,0.5800961215531774,0.23734332631579047,0.1825605521310322,0.06089171272921225,0.017711962833913963,0.14184314184314184,21,2026-06-10 02:35:38+00:00,2026-06-10 02:35:38+00:00,2026-06-10 02:35:48.072109+00:00,0.9677323194313826,0.5800961215531774,home_win,True,0.2483657797380905,0.2712120300896276,0.480422190172282,-0.15334450981676206,0.052105698113595555,0.10123881170316659,home_win
34,Group Stage,Group F,2026-06-21,Tunisia,Japan,CAF,AFC,False,AFC_vs_CAF,1676.8710720681308,1847.883159635144,-171.01208756701317,0.2720147074947278,7.0,7.0,0.0,-2.0,-2.6,-0.39999999999999997,0.6025796145355843,0.21346089490436937,0.1839594905600464,away_win,0.1825864986661335,0.266434043657173,0.5509794576766935,0.060570999777969425,0.027131333735107344,0.13801363552607326,22,2026-06-10 02:35:38+00:00,2026-06-10 02:35:38+00:00,2026-06-10 02:35:48.072109+00:00,0.9913028992110892,0.5509794576766935,away_win,True,0.5845195596349725,0.2320014969678506,0.18347894339717685,0.001372991893912906,-0.05297314875280362,0.051600156858890744,away_win
35,Group Stage,Group F,2026-06-25,Tunisia,Netherlands,CAF,UEFA,False,CAF_vs_UEFA,1676.8710720681308,1854.6955053658446,-177.82443329771377,0.2643190331786948,4.0,5.0,-1.0,-0.6000000000000001,-1.8,-0.3,0.28759233812244456,0.24197157395864777,0.4704360879189077,home_win,0.14972396205136437,0.2243000578329828,0.6259759801156528,0.07479004832234369,0.022500102834108082,0.189694730701925,15,2026-06-10 02:35:38+00:00,2026-06-10 02:35:38+00:00,2026-06-10 02:35:48.072109+00:00,0.9128314726081954,0.6259759801156528,away_win,True,0.4060266128200674,0.23578654331466503,0.3581868438652675,0.3207121258675433,0.017671516125664977,-0.33838364199320825,away_win
36,Group Stage,Group F,2026-06-25,Japan,Sweden,AFC,UEFA,False,AFC_vs_UEFA,1847.883159635144,1703.9337843694218,143.9493752657222,0.6960671219400466,4.0,5.0,-1.0,1.4,1.4000000000000001,0.49999999999999994,0.2591394364857774,0.19194316544101475,0.5489173980732079,home_win,0.453723322272148,0.2787863141544061,0.26749036357344586,0.0758424612173143,0.02857142857142847,0.18205349439171714,15,2026-06-10 02:35:38+00:00,2026-06-10 02:35:38+00:00,2026-06-10 02:35:48.072109+00:00,1.0673913242220683,0.453723322272148,home_win,True,0.26206226096646135,0.2223382674907017,0.5155994715428369,0.09519407580105993,-0.08684314871339133,-0.008350927087668436,home_win
37,Group Stage,Group G,2026-06-15,Belgium,Egypt,UEFA,CAF,False,CAF_vs_UEFA,1846.7755868488453,1725.2689262031827,121.50666064566258,0.6680655003169699,30.0,30.0,0.0,1.0,2.5999999999999996,0.19999999999999996,0.2000179943993034,0.2515074110922943,0.5484745945084024,home_win,0.5739492393861173,0.2478069180965091,0.1782438425173736,0.048226847835889076,0.0072091147408750444,0.09217171717171713,24,2026-06-10 02:35:38+00:00,2026-06-10 02:35:38+00:00,2026-06-10 02:35:48.072109+00:00,0.9717814276628906,0.5739492393861173,home_win,True,0.19239704124062795,0.2502122385437695,0.5573907202156027,-0.02547464487771489,0.003700492995785204,0.0217741518819298,home_win
38,Group Stage,Group G,2026-06-15,Iran,New Zealand,AFC,OFC,False,AFC_vs_OFC,1802.3722237051509,1609.7768589792329,192.595364725918,0.7518807094456964,30.0,30.0,0.0,1.4,2.8,0.4,0.168031182233306,0.1650347955408293,0.6669340222258647,home_win,0.5073693932903319,0.27669739101119084,0.21593321569847712,0.049295652911161246,0.00815818920431055,0.09967320261437917,24,2026-06-10 02:35:38+00:00,2026-06-10 02:35:38+00:00,2026-06-10 02:35:48.072109+00:00,1.030746996965527,0.5073693932903319,home_win,True,0.18479689394611587,0.20411670395545584,0.6110864020984282,0.1595646289355328,-0.11166259547036153,-0.047902033465171134,home_win
39,Group Stage,Group G,2026-06-21,Belgium,Iran,UEFA,AFC,False,AFC_vs_UEFA,1846.7755868488453,1802.3722237051509,44.40336314369438,0.5635559192061836,6.0,6.0,0.0,0.6000000000000001,1.7999999999999998,0.19999999999999996,0.28264311860533403,0.1939036032291195,0.5234532781655465,home_win,0.6755291749059198,0.20412721981946402,0.12034360527461627,0.06203567180281414,0.02441260192020067,0.13882679625130145,21,2026-06-10 02:35:38+00:00,2026-06-10 02:35:38+00:00,2026-06-10 02:35:48.072109+00:00,0.8441589861092835,0.6755291749059198,home_win,True,0.22583828893958283,0.1974818690357401,0.5766798420246771,-0.15207589674037325,-0.010223616590344514,0.16229951333071777,home_win
40,Group Stage,Group G,2026-06-21,New Zealand,Egypt,OFC,CAF,False,CAF_vs_OFC,1609.7768589792329,1725.2689262031827,-115.49206722394979,0.33965640142516007,6.0,6.0,0.0,-1.0,-2.0,-0.4,0.5732229322298773,0.2652238458352724,0.16155322193485036,away_win,0.1971516654058212,0.25539812243489124,0.5474502121592876,0.06080854935941637,0.01839947761735461,0.1396971626159358,22,2026-06-10 02:35:38+00:00,2026-06-10 02:35:38+00:00,2026-06-10 02:35:48.072109+00:00,0.9985621711829047,0.5474502121592876,away_win,True,0.5642024802051708,0.261784842645139,0.17401267714969015,-0.03559844347097085,0.009825723400381181,0.025772720070589727,away_win
41,Group Stage,Group G,2026-06-26,New Zealand,Belgium,OFC,UEFA,False,OFC_vs_UEFA,1609.7768589792329,1846.7755868488453,-236.99872786961237,0.20354648745147377,5.0,5.0,0.0,-2.0,-4.6,-0.6,0.6984360797965603,0.19196177913208248,0.10960214107135718,away_win,0.09896519564683133,0.17123297937511892,0.7298018249780498,0.08082136529082316,0.02522764591730109,0.19198573348770975,15,2026-06-10 02:35:38+00:00,2026-06-10 02:35:38+00:00,2026-06-10 02:35:48.072109+00:00,0.7609598494295748,0.7298018249780498,away_win,True,0.7094140906100816,0.18470669921714522,0.10587921017277313,0.010636945424525854,0.020728799756963567,-0.03136574518148949,away_win
42,Group Stage,Group G,2026-06-26,Egypt,Iran,CAF,AFC,False,AFC_vs_CAF,1725.2689262031827,1802.3722237051509,-77.1032975019682,0.3908258177287915,5.0,5.0,0.0,-0.3999999999999999,-0.8,0.0,0.5334746127928112,0.24358689448394594,0.22293849272324295,away_win,0.4209422526697804,0.312603706249353,0.26645404108086657,0.0752803019990959,0.021086485824867385,0.19823922282938677,15,2026-06-10 02:35:38+00:00,2026-06-10 02:35:38+00:00,2026-06-10 02:35:48.072109+00:00,1.0801255906266665,0.4209422526697804,home_win,True,0.4400174126936306,0.26774277860183837,0.29223980870453103,-0.19800375994653746,-0.06901681176540708,0.2670205717119446,away_win
43,Group Stage,Group H,2026-06-15,Spain,Cape Verde,UEFA,CAF,False,CAF_vs_UEFA,1974.0162171405623,1597.3477791792589,376.6684379613034,0.897364460247456,30.0,30.0,0.0,0.8,1.7999999999999998,0.19999999999999996,0.1745809216142714,0.22583855731758365,0.5995805210681451,home_win,0.8761790118121625,0.08687436753784918,0.036946620649988215,0.04584525614465191,0.003199751475613466,0.08333333333333326,24,2026-06-10 02:35:38+00:00,2026-06-10 02:35:38+00:00,2026-06-10 02:35:48.072109+00:00,0.4499374075865865,0.8761790118121625,home_win,True,0.12640891627677228,0.1772010908946766,0.6963899928285512,-0.27659849074401743,0.13896418977973446,0.1376343009642832,home_win
44,Group Stage,Group H,2026-06-15,Saudi Arabia,Uruguay,AFC,CONMEBOL,False,AFC_vs_CONMEBOL,1627.5303372713197,1828.4512418905804,-200.92090461926068,0.23928677855089106,30.0,30.0,0.0,-0.6,-0.20000000000000007,0.0,0.5413341071435136,0.18121858782183786,0.2774473050346486,away_win,0.12169055362587743,0.21399163753627307,0.6643178088378495,0.050346376301414204,0.006674429926709635,0.1071428571428572,24,2026-06-10 02:35:38+00:00,2026-06-10 02:35:38+00:00,2026-06-10 02:35:48.072109+00:00,0.8579522762464776,0.6643178088378495,away_win,True,0.5843784027365312,0.19268915522189017,0.2229324420415787,0.15575675140877115,-0.032773049714435204,-0.12298370169433592,away_win
45,Group Stage,Group H,2026-06-21,Spain,Saudi Arabia,UEFA,AFC,False,AFC_vs_UEFA,1974.0162171405623,1627.5303372713197,346.4858798692426,0.880221887803631,6.0,6.0,0.0,1.2000000000000002,2.2,0.19999999999999996,0.23174016736344555,0.165900627388037,0.6023592052485176,home_win,0.8590068487464945,0.099639762492419,0.041353388761086546,0.056736160096291476,0.015864843121480288,0.13687828982704908,22,2026-06-10 02:35:38+00:00,2026-06-10 02:35:38+00:00,2026-06-10 02:35:48.072109+00:00,0.49207448523594816,0.8590068487464945,home_win,True,0.16510479485261992,0.1427093246745707,0.6921858804728095,-0.25664764349797686,0.06626086489561799,0.190386778602359,home_win
46,Group Stage,Group H,2026-06-21,Uruguay,Cape Verde,CONMEBOL,CAF,False,CAF_vs_CONMEBOL,1828.4512418905804,1597.3477791792589,231.10346271132153,0.7908966162559177,6.0,6.0,0.0,0.19999999999999996,-0.19999999999999996,0.0,0.47315492454447383,0.0846725603186431,0.4421725151368831,away_win,0.6607236287268106,0.2114656273781956,0.12781074389499392,0.061553324463616284,0.012784424114473447,0.14005602240896353,22,2026-06-10 02:35:38+00:00,2026-06-10 02:35:38+00:00,2026-06-10 02:35:48.072109+00:00,0.8653023314343655,0.6607236287268106,home_win,True,0.3522844613171559,0.1290501337894865,0.5186654048933577,-0.21855111358992746,-0.1267930670595525,0.3453441806494799,home_win
47,Group Stage,Group H,2026-06-26,Uruguay,Spain,CONMEBOL,UEFA,False,CONMEBOL_vs_UEFA,1828.4512418905804,1974.0162171405623,-145.5649752499819,0.3019689570217266,5.0,5.0,0.0,-0.6000000000000001,-2.0,-0.19999999999999996,0.3780957094996772,0.32079942927984156,0.30110486122048125,away_win,0.17836371196126435,0.24238319533513794,0.5792530927035977,0.07652239404734115,0.01765188834154352,0.18941336484648486,15,2026-06-10 02:35:38+00:00,2026-06-10 02:35:38+00:00,2026-06-10 02:35:48.072109+00:00,0.9672820016818143,0.5792530927035977,away_win,True,0.4485007936210494,0.2933537473991953,0.2581454589797553,0.12274114925921689,0.07841623394470362,-0.20115738320392051,away_win
48,Group Stage,Group H,2026-06-26,Cape Verde,Saudi Arabia,CAF,AFC,False,AFC_vs_CAF,1597.3477791792589,1627.5303372713197,-30.182558092060845,0.45667274669742847,5.0,5.0,0.0,0.4,0.4,0.0,0.5217727130228179,0.22012121475886293,0.2581060722183191,away_win,0.36531649126458526,0.28922157017366157,0.34546193856175317,0.0783987840592757,0.02163087457205104,0.1915907605980245,15,2026-06-10 02:35:38+00:00,2026-06-10 02:35:38+00:00,2026-06-10 02:35:48.072109+00:00,1.0938499413521368,0.36531649126458526,home_win,True,0.4600639419614453,0.24430633915404243,0.2956297188845123,-0.10721041904626616,-0.06910035541479864,0.17631077446106475,away_win
49,Group Stage,Group I,2026-06-16,France,Senegal,UEFA,CAF,False,CAF_vs_UEFA,1930.9191119473683,1795.1283988425744,135.7907131047939,0.6860408257151476,30.0,30.0,0.0,0.5999999999999999,1.4000000000000001,0.10000000000000009,0.20081437057220003,0.252691854246804,0.5464937751809961,home_win,0.6514036829985365,0.21676938169452128,0.1318269353069423,0.04655341416438649,0.006009190526687913,0.09829059829059839,24,2026-06-10 02:35:38+00:00,2026-06-10 02:35:38+00:00,2026-06-10 02:35:48.072109+00:00,0.8777480404072756,0.6514036829985365,home_win,True,0.17666876822935984,0.24011898885350508,0.5832122429171351,-0.1049099078175404,0.03592247255228273,0.06898743526525772,home_win
50,Group Stage,Group I,2026-06-16,Norway,Iraq,UEFA,AFC,False,AFC_vs_UEFA,1754.5736486143853,1686.2733976411519,68.30025097323346,0.5970450613704684,30.0,30.0,0.0,0.20000000000000018,1.0,0.09999999999999998,0.27044756966387207,0.18880821626302358,0.5407442140731044,home_win,0.7894078999167511,0.14244644639038254,0.06814565369286632,0.04692137712419986,0.006966794628200601,0.08942038353803072,24,2026-06-10 02:35:38+00:00,2026-06-10 02:35:38+00:00,2026-06-10 02:35:48.072109+00:00,0.6473176203170743,0.7894078999167511,home_win,True,0.19964189907402008,0.1725815968075992,0.6277765041183807,-0.24866368584364673,0.04636176987264104,0.20230191597100575,home_win
51,Group Stage,Group I,2026-06-22,France,Iraq,UEFA,AFC,False,AFC_vs_UEFA,1930.9191119473683,1686.2733976411519,244.6457143062164,0.8034967132611549,6.0,6.0,0.0,1.0,1.8,0.30000000000000004,0.2414500218171398,0.1794425483401716,0.5791074298426887,home_win,0.8449979743349669,0.11239198356788833,0.042610042097144744,0.06010541557182884,0.02588863463005353,0.13774858602444784,20,2026-06-10 02:35:38+00:00,2026-06-10 02:35:38+00:00,2026-06-10 02:35:48.072109+00:00,0.522440678892166,0.8449979743349669,home_win,True,0.1718560289151415,0.15597485066987246,0.672169120414986,-0.2658905444922782,0.06705056477228326,0.19883997971999504,home_win
52,Group Stage,Group I,2026-06-22,Norway,Senegal,UEFA,CAF,False,CAF_vs_UEFA,1754.5736486143853,1795.1283988425744,-40.55475022818905,0.4419006504334256,6.0,6.0,0.0,-0.19999999999999996,0.6000000000000001,-0.09999999999999998,0.2341797806291596,0.25608203910496896,0.5097381802658715,home_win,0.4478908029378196,0.27406661999989446,0.278042577062286,0.06190126330610794,0.017925736235595346,0.1353567067852781,20,2026-06-10 02:35:38+00:00,2026-06-10 02:35:38+00:00,2026-06-10 02:35:48.072109+00:00,1.0703851867538745,0.4478908029378196,home_win,True,0.24953175938075384,0.26237664241819286,0.4880915982010533,0.0618473773280519,-0.017984580894925495,-0.04386279643312643,home_win
53,Group Stage,Group I,2026-06-26,Norway,France,UEFA,UEFA,True,UEFA_vs_UEFA,1754.5736486143853,1930.9191119473683,-176.34546333298294,0.2659778661875947,4.0,4.0,0.0,-0.7999999999999998,-0.8,-0.20000000000000007,0.357811170871596,0.2913252747309787,0.35086355439742534,away_win,0.2206336921741875,0.2624201072641419,0.5169462005616706,0.07896541502047624,0.02869875222816387,0.18888224129394304,15,2026-06-10 02:35:38+00:00,2026-06-10 02:35:38+00:00,2026-06-10 02:35:48.072109+00:00,1.0255904811266898,0.5169462005616706,away_win,True,0.4135084312631221,0.2812084661175858,0.3052831026192921,0.13022986222323785,0.0289051674668368,-0.15913502969007465,away_win
54,Group Stage,Group I,2026-06-26,Senegal,Iraq,CAF,AFC,False,AFC_vs_CAF,1795.1283988425744,1686.2733976411519,108.85500120142251,0.6517226079591094,4.0,4.0,0.0,0.40000000000000013,0.4,0.19999999999999996,0.43847289944142426,0.21233783752509416,0.34918926303348163,away_win,0.656181544938566,0.21524450259151695,0.128573952469917,0.07695337578112964,0.02014138988928904,0.18458034502810627,15,2026-06-10 02:35:38+00:00,2026-06-10 02:35:38+00:00,2026-06-10 02:35:48.072109+00:00,0.8708098032975301,0.656181544938566,home_win,True,0.33000826800139677,0.21335517029834214,0.4566365617002612,-0.3069922819050843,-0.0029066650664227867,0.3098989469715072,home_win
55,Group Stage,Group J,2026-06-16,Argentina,Algeria,CONMEBOL,CAF,False,CAF_vs_CONMEBOL,1994.9537561514917,1784.8542597989162,210.09949635257544,0.7701980645697367,30.0,30.0,0.0,1.0,1.8000000000000003,0.10000000000000009,0.4744784947639606,0.09576064675590693,0.4297608584801325,away_win,0.6801847933187526,0.20952183452895443,0.11029337215229294,0.046791993921361526,0.005423148280291112,0.08928571428571441,24,2026-06-10 02:35:38+00:00,2026-06-10 02:35:38+00:00,2026-06-10 02:35:48.072109+00:00,0.8327583667404825,0.6801847933187526,home_win,True,0.34701370184987695,0.13557706247647355,0.5174092356736495,-0.2504239348386201,-0.1137611877730475,0.36418512261166763,home_win
56,Group Stage,Group J,2026-06-17,Austria,Jordan,UEFA,AFC,False,AFC_vs_UEFA,1768.3369993891274,1647.8382342451985,120.49876514392895,0.6667776508258237,30.0,30.0,0.0,2.2,2.8,0.30000000000000004,0.25608391511958445,0.18906414623249612,0.5548519386479195,home_win,0.7228136705387072,0.17586509449795815,0.10132123496333473,0.04780098874433069,0.010232266164469594,0.08604423833231012,24,2026-06-10 02:35:38+00:00,2026-06-10 02:35:38+00:00,2026-06-10 02:35:48.072109+00:00,0.772259141757846,0.7228136705387072,home_win,True,0.20191697706489703,0.18444447812540785,0.6136385448096953,-0.16796173189078767,0.013199051734537975,0.15476268015624972,home_win
57,Group Stage,Group J,2026-06-22,Argentina,Austria,CONMEBOL,UEFA,False,CONMEBOL_vs_UEFA,1994.9537561514917,1768.3369993891274,226.61675676236428,0.7865931837341812,6.0,5.0,1.0,0.3999999999999999,1.6,0.0,0.3113583568109023,0.29958759117519196,0.3890540520139058,home_win,0.5748627791208701,0.24756418236706293,0.17757303851206688,0.06123029358309758,0.01907630522088355,0.14010708621853762,21,2026-06-10 02:35:38+00:00,2026-06-10 02:35:38+00:00,2026-06-10 02:35:48.072109+00:00,0.9707910162318479,0.5748627791208701,home_win,True,0.2645334954063099,0.2813793980923468,0.4540871065013433,-0.18580872710696433,0.05202340880812903,0.13378531829883542,home_win
58,Group Stage,Group J,2026-06-22,Jordan,Algeria,AFC,CAF,False,AFC_vs_CAF,1647.8382342451985,1784.8542597989162,-137.01602555371778,0.3124419340098721,5.0,6.0,-1.0,-1.6,-2.5999999999999996,-0.19999999999999996,0.5840929875526868,0.24088179958063322,0.1750252128666801,away_win,0.1515818775040097,0.22845407295489456,0.6199640495410959,0.06360328112793802,0.030165912518853588,0.13335101187259357,20,2026-06-10 02:35:38+00:00,2026-06-10 02:35:38+00:00,2026-06-10 02:35:48.072109+00:00,0.9196739613320828,0.6199640495410959,away_win,True,0.59664785924863,0.23653209526162466,0.16682004548974547,0.023443335362670403,0.012427726625738655,-0.03587106198840906,away_win
59,Group Stage,Group J,2026-06-27,Jordan,Argentina,AFC,CONMEBOL,False,AFC_vs_CONMEBOL,1647.8382342451985,1994.9537561514917,-347.1155219062932,0.11939650156237662,5.0,5.0,0.0,-2.6,-4.4,-0.30000000000000004,0.6119518124975606,0.13662543468706392,0.2514227528153756,away_win,0.0726746824691033,0.14620276519291162,0.7811225523379851,0.07716351734100921,0.029368279569892408,0.18837455563119287,15,2026-06-10 02:35:38+00:00,2026-06-10 02:35:38+00:00,2026-06-10 02:35:48.072109+00:00,0.6646040953384045,0.7811225523379851,away_win,True,0.6711615714417092,0.1399775003641106,0.18886092819418032,0.17874807034627233,-0.009577330505847692,-0.16917073984042452,away_win
60,Group Stage,Group J,2026-06-27,Algeria,Austria,CAF,UEFA,False,CAF_vs_UEFA,1784.8542597989162,1768.3369993891274,16.517260409788832,0.5237523569685999,5.0,5.0,0.0,-0.6000000000000001,-0.20000000000000018,-0.10000000000000009,0.2329238845123569,0.2551724702965192,0.5119036451911239,home_win,0.26375670872746093,0.29879505625844976,0.43744823501408925,0.0761735588302411,0.020325918110143837,0.18816035619168625,15,2026-06-10 02:35:38+00:00,2026-06-10 02:35:38+00:00,2026-06-10 02:35:48.072109+00:00,1.0741404799046694,0.43744823501408925,away_win,True,0.3045074071879632,0.2704403753831949,0.42505221742884186,0.24814693646366293,-0.04362258596193058,-0.20452435050173234,home_win
61,Group Stage,Group K,2026-06-17,Portugal,DR Congo,UEFA,CAF,False,CAF_vs_UEFA,1891.8149637114025,1644.5080781918596,247.3068855195429,0.8059041757089285,30.0,30.0,0.0,0.0,0.8,0.0,0.185396498621429,0.2425025875597371,0.5721009138188339,home_win,0.7462084098552068,0.1673238442468374,0.08646774589795587,0.050763824470134285,0.0045951658854883615,0.10526315789473673,22,2026-06-10 02:35:38+00:00,2026-06-10 02:35:38+00:00,2026-06-10 02:35:48.072109+00:00,0.729270024930178,0.7462084098552068,home_win,True,0.15077143516821342,0.2161900274002222,0.6330385374315644,-0.17410749603637288,0.0751787433128997,0.09892875272347314,home_win
62,Group Stage,Group K,2026-06-17,Uzbekistan,Colombia,AFC,CONMEBOL,False,AFC_vs_CONMEBOL,1714.1246978240688,1892.081997424611,-177.95729960054223,0.26417033343980584,30.0,30.0,0.0,-0.6000000000000001,-0.8,-0.29999999999999993,0.5495971072992589,0.1721524355743793,0.2782504571263618,away_win,0.11409754872327459,0.20766375907412843,0.678238692202597,0.05450498587138694,0.005423148280291112,0.12794807531649632,22,2026-06-10 02:35:38+00:00,2026-06-10 02:35:38+00:00,2026-06-10 02:35:48.072109+00:00,0.8374151374168293,0.678238692202597,away_win,True,0.5946216620154272,0.18458139879929147,0.2207969391852813,0.16415290840308722,-0.03551132349974914,-0.1286415849033381,away_win
63,Group Stage,Group K,2026-06-23,Portugal,Uzbekistan,UEFA,AFC,False,AFC_vs_UEFA,1891.8149637114025,1714.1246978240688,177.69026588733368,0.7355307565157614,6.0,6.0,0.0,0.8,1.8,0.19999999999999996,0.25228576520448465,0.1852332737569951,0.5624809610385203,home_win,0.7611038221556884,0.15373729164018723,0.08515888620412436,0.05958729274097585,0.010230022015660811,0.13980137509549273,20,2026-06-10 02:35:38+00:00,2026-06-10 02:35:38+00:00,2026-06-10 02:35:48.072109+00:00,0.7054114080080608,0.7611038221556884,home_win,True,0.19379135755435856,0.17420968001611237,0.6319989624295291,-0.1986228611171681,0.031495982116807875,0.16712687900036027,home_win
64,Group Stage,Group K,2026-06-23,Colombia,DR Congo,CONMEBOL,CAF,False,CAF_vs_CONMEBOL,1892.081997424611,1644.5080781918596,247.57391923275145,0.8061445107722526,6.0,6.0,0.0,-0.19999999999999996,-0.19999999999999996,0.09999999999999998,0.4732312008660855,0.08364561378278597,0.44312318535112855,away_win,0.6438736042788419,0.22725270304620473,0.12887369267495347,0.0633012194058456,0.010218463706835879,0.13583471684191117,20,2026-06-10 02:35:38+00:00,2026-06-10 02:35:38+00:00,2026-06-10 02:35:48.072109+00:00,0.884238048328704,0.6438736042788419,home_win,True,0.35270607299918927,0.13390809502498252,0.5133858319758282,-0.20075041892771334,-0.14360708926341875,0.34435750819113203,home_win
65,Group Stage,Group K,2026-06-27,Colombia,Portugal,CONMEBOL,UEFA,False,CONMEBOL_vs_UEFA,1892.081997424611,1891.8149637114025,0.26703371320854785,0.5003842923289304,4.0,4.0,0.0,-0.19999999999999996,-1.0,0.09999999999999998,0.34781252031701976,0.31214266339544583,0.34004481628753447,away_win,0.2697134001412727,0.2872211711748866,0.4430654286838407,0.07495357883966901,0.02950419639886115,0.1875,16,2026-06-10 02:35:38+00:00,2026-06-10 02:35:38+00:00,2026-06-10 02:35:48.072109+00:00,1.0724124021669428,0.4430654286838407,away_win,True,0.3811510382454071,0.3034201411182501,0.31542882063634287,0.07033141614626176,0.024921492220559227,-0.09525290836682093,away_win
66,Group Stage,Group K,2026-06-27,Uzbekistan,DR Congo,AFC,CAF,False,AFC_vs_CAF,1714.1246978240688,1644.5080781918596,69.61661963220922,0.5988667556618915,4.0,4.0,0.0,-0.8,-1.0,-0.19999999999999996,0.4551014747574765,0.25776717456310044,0.2871313506794231,away_win,0.30302760428041753,0.2906347019246196,0.40633769379496293,0.07576240338554309,0.026228673287496784,0.19715829926660833,16,2026-06-10 02:35:38+00:00,2026-06-10 02:35:38+00:00,2026-06-10 02:35:48.072109+00:00,1.0868638367259509,0.40633769379496293,away_win,True,0.43803415142059676,0.26927080913963214,0.29269503943977115,-0.015896253600994448,-0.032867527361519155,0.04876378096251355,away_win
67,Group Stage,Group L,2026-06-17,England,Croatia,UEFA,UEFA,True,UEFA_vs_UEFA,1881.4259124682367,1834.6101812450363,46.81573122320037,0.5669684359391426,30.0,30.0,0.0,0.19999999999999996,1.0,0.0,0.3029043723640788,0.30062912912403444,0.3964664985118868,home_win,0.5495324586672978,0.2521237743126381,0.1983437670200641,0.04991068455357208,0.0068872545022640175,0.08917748917748924,22,2026-06-10 02:35:38+00:00,2026-06-10 02:35:38+00:00,2026-06-10 02:35:48.072109+00:00,0.9972545109231007,0.5495324586672978,home_win,True,0.2663081604936737,0.28365225494004576,0.4500395845662807,-0.15306596015541102,0.04850535481139634,0.1045606053440147,home_win
68,Group Stage,Group L,2026-06-17,Ghana,Panama,CAF,CONCACAF,False,CAF_vs_CONCACAF,1575.9173637664794,1703.5191466520434,-127.60178288556403,0.32420036308310557,30.0,30.0,0.0,-1.4000000000000001,-1.4000000000000001,-0.10000000000000003,0.39993325814928427,0.18858557942655815,0.41148116242415755,home_win,0.4639906914463117,0.2745377565728134,0.26147155198087496,0.05029380472321339,0.008720120211498372,0.10156510156510157,22,2026-06-10 02:35:38+00:00,2026-06-10 02:35:38+00:00,2026-06-10 02:35:48.072109+00:00,1.061925662402409,0.4639906914463117,home_win,True,0.351471660990341,0.21866884142774748,0.42985949758191155,-0.05250952902215417,-0.08595217714625522,0.1384617061684093,home_win
69,Group Stage,Group L,2026-06-23,England,Ghana,UEFA,CAF,False,CAF_vs_UEFA,1881.4259124682367,1575.9173637664794,305.50854870175726,0.8530403229660424,6.0,6.0,0.0,1.8,2.4000000000000004,0.39999999999999997,0.17961553824261794,0.2377130199760262,0.582671441781356,home_win,0.7198136367641388,0.1790671358121334,0.10111922742372778,0.06253672003745119,0.019537512567593174,0.13741496598639458,20,2026-06-10 02:35:38+00:00,2026-06-10 02:35:38+00:00,2026-06-10 02:35:48.072109+00:00,0.776352690091551,0.7198136367641388,home_win,True,0.1521418294560064,0.2171869605186637,0.63067121002533,-0.1371421949827828,0.0586458841638928,0.07849631081889016,home_win
70,Group Stage,Group L,2026-06-23,Panama,Croatia,CONCACAF,UEFA,False,CONCACAF_vs_UEFA,1703.5191466520434,1834.6101812450363,-131.09103459299286,0.31981531785545075,6.0,6.0,0.0,-0.19999999999999996,0.0,-0.29999999999999993,0.36116081475546075,0.2719653419728987,0.3668738432716406,home_win,0.14555434398137018,0.23905355154581845,0.6153921044728115,0.0617638316706838,0.01790349065098784,0.13561802079322294,20,2026-06-10 02:35:38+00:00,2026-06-10 02:35:38+00:00,2026-06-10 02:35:48.072109+00:00,0.9213851711516934,0.6153921044728115,away_win,True,0.4501417661565335,0.2604462153234206,0.28941201852004594,0.2213194992902704,0.03291179042708023,-0.2542312897173507,away_win
71,Group Stage,Group L,2026-06-27,Panama,England,CONCACAF,UEFA,False,CONCACAF_vs_UEFA,1703.5191466520434,1881.4259124682367,-177.90676581619323,0.26422688292415913,4.0,4.0,0.0,-0.3999999999999999,-1.0,-0.29999999999999993,0.3860063549255411,0.26570748261953775,0.3482861624549212,away_win,0.10562920789809113,0.1668152986453615,0.7275554934565475,0.07640524268727246,0.026691937139698307,0.18452380952380953,15,2026-06-10 02:35:38+00:00,2026-06-10 02:35:38+00:00,2026-06-10 02:35:48.072109+00:00,0.7675896167691485,0.7275554934565475,away_win,True,0.5055485534113933,0.23109521822857607,0.2633562283600307,0.2426569545568301,0.09889218397417626,-0.3415491385310064,away_win
72,Group Stage,Group L,2026-06-27,Croatia,Ghana,UEFA,CAF,False,CAF_vs_UEFA,1834.6101812450363,1575.9173637664794,258.6928174785569,0.815951493375235,4.0,4.0,0.0,1.6,1.4000000000000001,0.39999999999999997,0.18643518204752613,0.24515174210418092,0.568413075848293,home_win,0.5704657305194711,0.25258633741863523,0.17694793206189363,0.07537712027836123,0.018315018315018472,0.18896033906355614,15,2026-06-10 02:35:38+00:00,2026-06-10 02:35:38+00:00,2026-06-10 02:35:48.072109+00:00,0.9742190848663814,0.5704657305194711,home_win,True,0.18311464455255475,0.24775385046423992,0.5691315049832053,-0.0020526546711781,-0.007434595314454312,0.009487249985632495,home_win
