world_cup_year,backtest_stage,match_date,home_team,away_team,home_confederation,away_confederation,home_score,away_score,actual_outcome,predicted_outcome,top_probability,actual_outcome_probability,row_log_loss,confidence_bucket,confederation_pair,favorite_matchup_profile,is_high_confidence_miss
2022,group_stage,2022-12-02,Cameroon,Brazil,CAF,CONMEBOL,1,0,home_win,away_win,0.8455073781257134,0.04,3.2188758248682006,"(0.8, 1.0]",CAF_vs_CONMEBOL,CONMEBOL_favorite_vs_CAF,True
2022,group_stage,2022-11-22,Argentina,Saudi Arabia,CONMEBOL,AFC,1,2,away_win,home_win,0.7720652998415544,0.0510848452252342,2.974267396693086,"(0.6, 0.8]",AFC_vs_CONMEBOL,CONMEBOL_favorite_vs_AFC,True
2018,group_stage,2018-06-27,South Korea,Germany,AFC,UEFA,2,0,home_win,away_win,0.6774721506370033,0.1163941919595339,2.1507726421845725,"(0.6, 0.8]",AFC_vs_UEFA,UEFA_favorite_vs_AFC,True
2022,group_stage,2022-11-30,Tunisia,France,CAF,UEFA,1,0,home_win,away_win,0.6545850473488708,0.135253823804153,2.0006020895357643,"(0.6, 0.8]",CAF_vs_UEFA,UEFA_favorite_vs_CAF,True
2022,group_stage,2022-12-01,Japan,Spain,AFC,UEFA,2,1,home_win,away_win,0.6187421110308964,0.1505556426824212,1.893422544302294,"(0.6, 0.8]",AFC_vs_UEFA,UEFA_favorite_vs_AFC,True
2018,knockout,2018-07-06,Brazil,Belgium,CONMEBOL,UEFA,1,2,away_win,home_win,0.5872293391026523,0.1578973632264526,1.8458100568691373,"(0.4, 0.6]",CONMEBOL_vs_UEFA,CONMEBOL_favorite_vs_UEFA,False
2018,group_stage,2018-06-19,Colombia,Japan,CONMEBOL,AFC,1,2,away_win,home_win,0.6107641911995171,0.163212017356731,1.8127052033988271,"(0.6, 0.8]",AFC_vs_CONMEBOL,CONMEBOL_favorite_vs_AFC,True
2022,group_stage,2022-11-27,Japan,Costa Rica,AFC,CONCACAF,0,1,away_win,home_win,0.6519973783832766,0.1639969867643233,1.8079072247150039,"(0.6, 0.8]",AFC_vs_CONCACAF,AFC_favorite_vs_CONCACAF,True
2022,group_stage,2022-12-02,South Korea,Portugal,AFC,UEFA,2,1,home_win,away_win,0.5769965913179673,0.1771476622418847,1.7307716442472327,"(0.4, 0.6]",AFC_vs_UEFA,UEFA_favorite_vs_AFC,False
2018,group_stage,2018-06-16,Argentina,Iceland,CONMEBOL,UEFA,1,1,draw,home_win,0.7188106588239169,0.1859124485374331,1.6824794228741462,"(0.6, 0.8]",CONMEBOL_vs_UEFA,CONMEBOL_favorite_vs_UEFA,True
2022,group_stage,2022-11-27,Belgium,Morocco,UEFA,CAF,0,2,away_win,home_win,0.5355462980313089,0.1959430667779976,1.629931137570296,"(0.4, 0.6]",CAF_vs_UEFA,UEFA_favorite_vs_CAF,False
2022,group_stage,2022-11-28,South Korea,Ghana,AFC,CAF,2,3,away_win,home_win,0.5212296452734866,0.1986428846749552,1.6162466157624433,"(0.4, 0.6]",AFC_vs_CAF,AFC_favorite_vs_CAF,False
2018,group_stage,2018-06-16,Peru,Denmark,CONMEBOL,UEFA,0,1,away_win,home_win,0.4746271579234153,0.1990782470939634,1.6140573300638845,"(0.4, 0.6]",CONMEBOL_vs_UEFA,CONMEBOL_favorite_vs_UEFA,False
2018,group_stage,2018-06-25,Spain,Morocco,UEFA,CAF,2,2,draw,home_win,0.7012649592110758,0.2029704344693231,1.594694953555583,"(0.6, 0.8]",CAF_vs_UEFA,UEFA_favorite_vs_CAF,True
2022,group_stage,2022-11-25,England,United States,UEFA,CONCACAF,0,0,draw,home_win,0.5016976405998461,0.2042614703238599,1.5883543885624885,"(0.4, 0.6]",CONCACAF_vs_UEFA,UEFA_favorite_vs_CONCACAF,False
2022,knockout,2022-12-10,Morocco,Portugal,CAF,UEFA,1,0,home_win,away_win,0.5315539047552179,0.210658360207685,1.5575176036746485,"(0.4, 0.6]",CAF_vs_UEFA,UEFA_favorite_vs_CAF,False
2018,group_stage,2018-06-27,Switzerland,Costa Rica,UEFA,CONCACAF,2,2,draw,home_win,0.5585371259323706,0.2118438808122991,1.5519056868568313,"(0.4, 0.6]",CONCACAF_vs_UEFA,UEFA_favorite_vs_CONCACAF,False
2022,group_stage,2022-11-29,Ecuador,Senegal,CONMEBOL,CAF,1,2,away_win,home_win,0.4833763015001331,0.2157021856057412,1.533856593020182,"(0.4, 0.6]",CAF_vs_CONMEBOL,CONMEBOL_favorite_vs_CAF,False
2022,group_stage,2022-11-21,United States,Wales,CONCACAF,UEFA,1,1,draw,home_win,0.5169975384545761,0.2173165676751132,1.5264001512984096,"(0.4, 0.6]",CONCACAF_vs_UEFA,CONCACAF_favorite_vs_UEFA,False
2018,group_stage,2018-06-21,Argentina,Croatia,CONMEBOL,UEFA,0,3,away_win,home_win,0.4979709611638467,0.2200809956841013,1.5137596381843885,"(0.4, 0.6]",CONMEBOL_vs_UEFA,CONMEBOL_favorite_vs_UEFA,False
2022,group_stage,2022-11-22,Mexico,Poland,CONCACAF,UEFA,0,0,draw,home_win,0.5087932676682798,0.2238606153570295,1.4967316736771679,"(0.4, 0.6]",CONCACAF_vs_UEFA,CONCACAF_favorite_vs_UEFA,False
2018,knockout,2018-07-01,Russia,Spain,UEFA,UEFA,1,1,draw,away_win,0.5615541571669724,0.2251921036263238,1.490801447157623,"(0.4, 0.6]",UEFA_vs_UEFA,UEFA_favorite_vs_UEFA,False
2022,knockout,2022-12-06,Morocco,Spain,CAF,UEFA,0,0,draw,away_win,0.5685191832980637,0.240632327545387,1.424485122267072,"(0.4, 0.6]",CAF_vs_UEFA,UEFA_favorite_vs_CAF,False
2022,group_stage,2022-11-30,Australia,Denmark,AFC,UEFA,1,0,home_win,away_win,0.4911310033976362,0.2440623813576062,1.4103314250630519,"(0.4, 0.6]",AFC_vs_UEFA,UEFA_favorite_vs_AFC,False
2022,group_stage,2022-11-27,Spain,Germany,UEFA,UEFA,1,1,draw,home_win,0.4818374452997419,0.2445230060811416,1.4084458800924138,"(0.4, 0.6]",UEFA_vs_UEFA,UEFA_favorite_vs_UEFA,False
2018,group_stage,2018-06-17,Brazil,Switzerland,CONMEBOL,UEFA,1,1,draw,home_win,0.6582977282502636,0.2474044234125031,1.396730939585758,"(0.6, 0.8]",CONMEBOL_vs_UEFA,CONMEBOL_favorite_vs_UEFA,True
2018,group_stage,2018-06-25,Saudi Arabia,Egypt,AFC,CAF,2,1,home_win,away_win,0.4503672777955116,0.2478490362153049,1.394935443103688,"(0.4, 0.6]",AFC_vs_CAF,CAF_favorite_vs_AFC,False
2022,group_stage,2022-11-24,Uruguay,South Korea,CONMEBOL,AFC,0,0,draw,home_win,0.5553008868325991,0.2504122189628965,1.3846468431716206,"(0.4, 0.6]",AFC_vs_CONMEBOL,CONMEBOL_favorite_vs_AFC,False
2022,group_stage,2022-11-28,Cameroon,Serbia,CAF,UEFA,3,3,draw,away_win,0.4794471857286261,0.2545778237015051,1.36814869916031,"(0.4, 0.6]",CAF_vs_UEFA,UEFA_favorite_vs_CAF,False
2022,group_stage,2022-11-25,Qatar,Senegal,AFC,CAF,1,3,away_win,home_win,0.3934802029000212,0.25532608263286,1.3652137953121006,"(0.2, 0.4]",AFC_vs_CAF,AFC_favorite_vs_CAF,False
2022,group_stage,2022-11-23,Morocco,Croatia,CAF,UEFA,0,0,draw,away_win,0.4188565185832487,0.2608176552868557,1.3439337545689,"(0.4, 0.6]",CAF_vs_UEFA,UEFA_favorite_vs_CAF,False
2022,knockout,2022-12-09,Croatia,Brazil,UEFA,CONMEBOL,1,1,draw,away_win,0.6140353917257005,0.2616326289473066,1.3408139387851878,"(0.6, 0.8]",CONMEBOL_vs_UEFA,CONMEBOL_favorite_vs_UEFA,True
2018,group_stage,2018-06-17,Germany,Mexico,UEFA,CONCACAF,0,1,away_win,home_win,0.5257850201064527,0.2618257357662916,1.3400761271815822,"(0.4, 0.6]",CONCACAF_vs_UEFA,UEFA_favorite_vs_CONCACAF,False
2022,group_stage,2022-12-01,Croatia,Belgium,UEFA,UEFA,0,0,draw,away_win,0.4516194772419777,0.265230272318362,1.327156878171501,"(0.4, 0.6]",UEFA_vs_UEFA,UEFA_favorite_vs_UEFA,False
2018,group_stage,2018-06-27,Mexico,Sweden,CONCACAF,UEFA,0,3,away_win,home_win,0.4577902816538829,0.2680770174844979,1.3164809610831223,"(0.4, 0.6]",CONCACAF_vs_UEFA,CONCACAF_favorite_vs_UEFA,False
2018,knockout,2018-07-07,Russia,Croatia,UEFA,UEFA,2,2,draw,away_win,0.3955966417729269,0.2683715827806365,1.3153827558660776,"(0.2, 0.4]",UEFA_vs_UEFA,UEFA_favorite_vs_UEFA,False
2018,group_stage,2018-06-26,Denmark,France,UEFA,UEFA,0,0,draw,away_win,0.516985826292135,0.2704945788532746,1.3075032221042857,"(0.4, 0.6]",UEFA_vs_UEFA,UEFA_favorite_vs_UEFA,False
2022,knockout,2022-12-18,Argentina,France,CONMEBOL,UEFA,3,3,draw,home_win,0.4788733410618493,0.2733108771950739,1.2971453873703747,"(0.4, 0.6]",CONMEBOL_vs_UEFA,CONMEBOL_favorite_vs_UEFA,False
2022,knockout,2022-12-09,Netherlands,Argentina,UEFA,CONMEBOL,2,2,draw,away_win,0.5097854082043919,0.274312684702136,1.2934866382064614,"(0.4, 0.6]",CONMEBOL_vs_UEFA,CONMEBOL_favorite_vs_UEFA,False
2018,group_stage,2018-06-15,Portugal,Spain,UEFA,UEFA,3,3,draw,away_win,0.5069773756244763,0.2769559361639619,1.2838968606689576,"(0.4, 0.6]",UEFA_vs_UEFA,UEFA_favorite_vs_UEFA,False
2018,knockout,2018-07-11,Croatia,England,UEFA,UEFA,2,1,home_win,away_win,0.4472006164507577,0.277927427669587,1.2803952509196348,"(0.4, 0.6]",UEFA_vs_UEFA,UEFA_favorite_vs_UEFA,False
2022,group_stage,2022-11-22,Denmark,Tunisia,UEFA,CAF,0,0,draw,home_win,0.4841287335239078,0.2878709129582824,1.2452431182211587,"(0.4, 0.6]",CAF_vs_UEFA,UEFA_favorite_vs_CAF,False
2022,knockout,2022-12-05,Japan,Croatia,AFC,UEFA,1,1,draw,away_win,0.4205468919649388,0.2888156911634996,1.2419665411558252,"(0.4, 0.6]",AFC_vs_UEFA,UEFA_favorite_vs_AFC,False
2018,group_stage,2018-06-28,Panama,Tunisia,CONCACAF,CAF,1,2,away_win,home_win,0.505936246740505,0.2898231662407937,1.2384843135713894,"(0.4, 0.6]",CAF_vs_CONCACAF,CONCACAF_favorite_vs_CAF,False
2022,group_stage,2022-11-25,Netherlands,Ecuador,UEFA,CONMEBOL,1,1,draw,home_win,0.436995720142713,0.2969546749457265,1.2141757614358173,"(0.4, 0.6]",CONMEBOL_vs_UEFA,UEFA_favorite_vs_CONMEBOL,False
2022,group_stage,2022-11-23,Germany,Japan,UEFA,AFC,1,2,away_win,home_win,0.4595550294025562,0.2970642969618681,1.2138066755225039,"(0.4, 0.6]",AFC_vs_UEFA,UEFA_favorite_vs_AFC,False
2018,group_stage,2018-06-25,Iran,Portugal,AFC,UEFA,1,1,draw,away_win,0.4553779913722777,0.3046015924579205,1.1887506105047991,"(0.4, 0.6]",AFC_vs_UEFA,UEFA_favorite_vs_AFC,False
2018,group_stage,2018-06-19,Poland,Senegal,UEFA,CAF,1,2,away_win,home_win,0.3850638458753234,0.3065460484531447,1.1823872952393477,"(0.2, 0.4]",CAF_vs_UEFA,UEFA_favorite_vs_CAF,False
2018,knockout,2018-07-01,Croatia,Denmark,UEFA,UEFA,1,1,draw,home_win,0.4055759493784807,0.3067319784832726,1.1817809469677383,"(0.4, 0.6]",UEFA_vs_UEFA,UEFA_favorite_vs_UEFA,False
2018,group_stage,2018-06-21,Denmark,Australia,UEFA,AFC,1,1,draw,home_win,0.403142986164074,0.3096204842934527,1.1724079757167463,"(0.4, 0.6]",AFC_vs_UEFA,UEFA_favorite_vs_AFC,False
2018,knockout,2018-07-03,Sweden,Switzerland,UEFA,UEFA,1,0,home_win,away_win,0.380599325716089,0.3114977481175509,1.1663631699378998,"(0.2, 0.4]",UEFA_vs_UEFA,UEFA_favorite_vs_UEFA,False
2018,knockout,2018-07-03,Colombia,England,CONMEBOL,UEFA,1,1,draw,home_win,0.3489501794182175,0.3144337340276646,1.1569819276572952,"(0.2, 0.4]",CONMEBOL_vs_UEFA,CONMEBOL_favorite_vs_UEFA,False
2022,group_stage,2022-11-29,Iran,United States,AFC,CONCACAF,0,1,away_win,home_win,0.4572239190490567,0.3184678705092911,1.1442336865802474,"(0.4, 0.6]",AFC_vs_CONCACAF,AFC_favorite_vs_CONCACAF,False
2018,group_stage,2018-06-28,England,Belgium,UEFA,UEFA,0,1,away_win,home_win,0.3952431113884335,0.3221876839172762,1.1326210339317544,"(0.2, 0.4]",UEFA_vs_UEFA,UEFA_favorite_vs_UEFA,False
2022,group_stage,2022-12-01,Canada,Morocco,CONCACAF,CAF,1,2,away_win,home_win,0.4270977887885503,0.3241282409529865,1.126616036089654,"(0.4, 0.6]",CAF_vs_CONCACAF,CONCACAF_favorite_vs_CAF,False
2018,group_stage,2018-06-24,Japan,Senegal,AFC,CAF,2,2,draw,away_win,0.3530216061825639,0.3329075022803588,1.0998905985170369,"(0.2, 0.4]",AFC_vs_CAF,CAF_favorite_vs_AFC,False
2018,knockout,2018-07-06,Uruguay,France,CONMEBOL,UEFA,0,2,away_win,home_win,0.356961585916576,0.3397159218889158,1.0796455344726654,"(0.2, 0.4]",CONMEBOL_vs_UEFA,CONMEBOL_favorite_vs_UEFA,False
2018,knockout,2018-07-14,Belgium,England,UEFA,UEFA,2,0,home_win,away_win,0.3887399844058878,0.3514582000483134,1.045664493584286,"(0.2, 0.4]",UEFA_vs_UEFA,UEFA_favorite_vs_UEFA,False
2018,group_stage,2018-06-17,Costa Rica,Serbia,CONCACAF,UEFA,0,1,away_win,home_win,0.3734134339604791,0.3619472428387666,1.0162568157916392,"(0.2, 0.4]",CONCACAF_vs_UEFA,CONCACAF_favorite_vs_UEFA,False
