world_cup_year,match_id,world_cup_match_index,backtest_stage,match_date,home_team,away_team,home_confederation,away_confederation,same_confederation,confederation_pair,home_score,away_score,actual_outcome,away_win_probability,draw_probability,home_win_probability,predicted_outcome,actual_outcome_probability,home_expected_goals,away_expected_goals,dixon_coles_rho,score_home_win_probability,score_draw_probability,score_away_win_probability,over_2_5_probability,under_2_5_probability,both_teams_score_probability,clean_sheet_home_probability,clean_sheet_away_probability,actual_scoreline,actual_scoreline_probability,top_scoreline,top_scoreline_probability,top3_scorelines,top3_scoreline_probabilities,actual_scoreline_in_top_1,actual_scoreline_in_top_3,actual_over_2_5,actual_btts,consensus_away_win_probability,consensus_draw_probability,consensus_home_win_probability,avg_market_overround,min_market_overround,max_market_overround,bookmaker_count,latest_bookmaker_update,latest_market_update,latest_fetched_at,market_entropy,favorite_probability,favorite_outcome,has_market_odds,blended_away_win_probability,blended_draw_probability,blended_home_win_probability,model_market_home_gap,model_market_draw_gap,model_market_away_gap,blended_predicted_outcome,market_predicted_outcome
2018,41640,1,group_stage,2018-06-14,Russia,Saudi Arabia,UEFA,AFC,False,AFC_vs_UEFA,5,0,home_win,0.19820476273632265,0.22822281954693116,0.5735724177167462,home_win,0.5735724177167462,1.927583823255513,0.9480107438538365,-0.0475,0.597456992048435,0.22720350979685128,0.17533949815471372,0.5479726004054138,0.45202739959458615,0.5281906101310216,0.3875138283038462,0.14562593146631234,5-0,0.012514429028530342,1-1,0.10802057503216843,1-1|2-0|1-0,0.10802058|0.10483890|0.10387922,False,False,1,0,,,,,,,,,,,,,,False,0.19820476273632265,0.22822281954693116,0.5735724177167462,,,,home_win,
2018,41641,2,group_stage,2018-06-15,Egypt,Uruguay,CAF,CONMEBOL,False,CAF_vs_CONMEBOL,0,1,away_win,0.5362002703411731,0.24517323696760085,0.21862649269122605,away_win,0.5362002703411731,0.8449061135065986,1.6214765702320746,-0.0475,0.18939744400634104,0.2587602187280776,0.5518423372655812,0.44737614448290797,0.552623855517092,0.46317975161804226,0.19766291611662443,0.4295990002388134,0-1,0.13216308896369647,0-1,0.13216308896369647,0-1|1-1|0-2,0.13216309|0.12186013|0.11162972,True,True,0,0,,,,,,,,,,,,,,False,0.5362002703411731,0.24517323696760085,0.21862649269122605,,,,away_win,
2018,41642,3,group_stage,2018-06-15,Morocco,Iran,CAF,AFC,False,AFC_vs_CAF,0,1,away_win,0.4355735608666294,0.2916241716749818,0.2728022674583887,away_win,0.4355735608666294,0.923042732771507,1.4075064612148676,-0.0475,0.24076201738872932,0.2830771798738259,0.4761608027374448,0.4119773991155848,0.5880226008844152,0.4611648381207492,0.24477986637311228,0.3973105930097945,0-1,0.13088345440430368,1-1,0.13235247707170356,1-1|0-1|0-0,0.13235248|0.13088345|0.10325530,False,True,0,0,,,,,,,,,,,,,,False,0.4355735608666294,0.2916241716749818,0.2728022674583887,,,,away_win,
2018,41643,4,group_stage,2018-06-15,Portugal,Spain,UEFA,UEFA,True,UEFA_vs_UEFA,3,3,draw,0.5069773756244763,0.2769559361639619,0.2160666882115618,away_win,0.2769559361639619,1.1127954371832545,1.9969693161391444,-0.0475,0.2025019389642902,0.22415621463145355,0.5733418464042563,0.600504180619694,0.399495819380306,0.5848352909295864,0.13589369082836278,0.3286461599639979,3-3,0.013613993531202444,1-1,0.10396056139146614,1-1|1-2|0-2,0.10396056|0.09909597|0.08905138,False,False,1,1,,,,,,,,,,,,,,False,0.5069773756244763,0.2769559361639619,0.2160666882115618,,,,away_win,
2018,41644,5,group_stage,2018-06-16,Argentina,Iceland,CONMEBOL,UEFA,False,CONMEBOL_vs_UEFA,1,1,draw,0.09527689263865,0.18591244853743316,0.7188106588239169,home_win,0.18591244853743316,2.7473554890567935,0.8630398816690356,-0.0475,0.7629852833073261,0.14798432560463012,0.08903039108804368,0.6968734699587236,0.30312653004127643,0.5438601426053475,0.4218791739831781,0.0645689480231775,1-1,0.06765681551730048,2-0,0.10280435621094988,2-0|3-0|2-1,0.10280436|0.09414670|0.08872426,False,False,0,1,,,,,,,,,,,,,,False,0.09527689263865,0.18591244853743316,0.7188106588239169,,,,home_win,
2018,41645,6,group_stage,2018-06-16,Croatia,Nigeria,UEFA,CAF,False,CAF_vs_UEFA,2,0,home_win,0.20253873190651056,0.2959926696050783,0.5014685984884111,home_win,0.5014685984884111,1.6514320610177893,0.8838728926889958,-0.0475,0.54931723379492,0.25568122903954654,0.1950015371655334,0.46503680676310283,0.5349631932368972,0.47974095932305527,0.41318135562418234,0.19183661211529068,2-0,0.10808455532326243,1-0,0.12540235818413079,1-0|1-1|2-0,0.12540236|0.12119279|0.10808456,False,True,0,0,,,,,,,,,,,,,,False,0.20253873190651056,0.2959926696050783,0.5014685984884111,,,,home_win,
2018,41646,7,group_stage,2018-06-16,France,Australia,UEFA,AFC,False,AFC_vs_UEFA,2,1,home_win,0.1766922088115715,0.24778096834276694,0.5755268228456616,home_win,0.5755268228456616,1.8906870338498958,0.8651079361357948,-0.0475,0.6098327311487823,0.22865044983647614,0.16151681901474157,0.5195717726763575,0.48042822732364254,0.4964576279547257,0.4210076325912541,0.15108424591339112,2-1,0.09835325620707931,1-0,0.11532021793433052,1-0|2-0|1-1,0.11532022|0.11368900|0.10898159,False,False,1,1,,,,,,,,,,,,,,False,0.1766922088115715,0.24778096834276694,0.5755268228456616,,,,home_win,
2018,41647,8,group_stage,2018-06-16,Peru,Denmark,CONMEBOL,UEFA,False,CONMEBOL_vs_UEFA,0,1,away_win,0.19907824709396343,0.3262945949826212,0.4746271579234153,home_win,0.19907824709396343,1.3546264550542884,0.8108683024002681,-0.0475,0.4899502391172418,0.29178921895333315,0.21826054192942512,0.3679648668176058,0.6320351331823941,0.41814924271165826,0.4444729680106845,0.258065647350623,0-1,0.087024538631926,1-0,0.14939534106183444,1-0|1-1|0-0,0.14939534|0.13197737|0.12068786,False,False,0,0,,,,,,,,,,,,,,False,0.19907824709396343,0.3262945949826212,0.4746271579234153,,,,home_win,
2018,41648,9,group_stage,2018-06-17,Brazil,Switzerland,CONMEBOL,UEFA,False,CONMEBOL_vs_UEFA,1,1,draw,0.09429784833723345,0.24740442341250313,0.6582977282502636,home_win,0.24740442341250313,2.0009092222176172,0.6662022351599849,-0.0475,0.6835412279368636,0.20688066315127593,0.10957810891186061,0.4977322693276817,0.5022677306723182,0.42491443941634344,0.5136558955313087,0.13536116596625783,1-1,0.09708538713355486,2-0,0.1391845853223632,2-0|1-0|1-1,0.13918459|0.13471890|0.09708539,False,True,0,1,,,,,,,,,,,,,,False,0.09429784833723345,0.24740442341250313,0.6582977282502636,,,,home_win,
2018,41649,10,group_stage,2018-06-17,Costa Rica,Serbia,CONCACAF,UEFA,False,CONCACAF_vs_UEFA,0,1,away_win,0.36194724283876667,0.2646393232007542,0.37341343396047916,home_win,0.36194724283876667,1.3630057864877494,1.3666056762436791,-0.0475,0.36510216659956657,0.2681458147241108,0.3667520186763227,0.5135139894427094,0.48648601055729057,0.5601228652908117,0.25499400687097545,0.2559131995567799,0-1,0.08340593439669809,1-1,0.12732615118214005,1-1|0-1|1-0,0.12732615|0.08340593|0.08317102,False,True,0,0,,,,,,,,,,,,,,False,0.36194724283876667,0.2646393232007542,0.37341343396047916,,,,home_win,
2018,41650,11,group_stage,2018-06-17,Germany,Mexico,UEFA,CONCACAF,False,CONCACAF_vs_UEFA,0,1,away_win,0.2618257357662916,0.21238924412725585,0.5257850201064527,home_win,0.2618257357662916,1.8769986133113377,1.1394676939739683,-0.0475,0.540638624705221,0.23510449818568147,0.2242568771090973,0.5801698249450757,0.41983017505492426,0.5808315744391731,0.31999755587625667,0.15316124158930997,0-1,0.05086755626793498,1-1,0.109803337176718,1-1|2-1|1-0,0.10980334|0.09837743|0.08701485,False,False,0,0,,,,,,,,,,,,,,False,0.2618257357662916,0.21238924412725585,0.5257850201064527,,,,home_win,
2018,41651,12,group_stage,2018-06-18,Belgium,Panama,UEFA,CONCACAF,False,CONCACAF_vs_UEFA,3,0,home_win,0.14152269166436113,0.15495763727355819,0.7035196710620808,home_win,0.7035196710620808,2.769006533162852,0.893895316649623,-0.0475,0.7596584512973453,0.14828998539989985,0.09205156330275485,0.7059881357923318,0.2940118642076682,0.5566272799184486,0.40906110622377934,0.06320705055932153,3-0,0.09149016368546706,2-0,0.09912237034084992,2-0|3-0|2-1,0.09912237|0.09149016|0.08860502,False,True,1,0,,,,,,,,,,,,,,False,0.14152269166436113,0.15495763727355819,0.7035196710620808,,,,home_win,
2018,41652,13,group_stage,2018-06-18,Sweden,South Korea,UEFA,AFC,False,AFC_vs_UEFA,1,0,home_win,0.30448968280072036,0.2855916560177665,0.40991866118151327,home_win,0.40991866118151327,1.4330674694446497,1.1416142081822016,-0.0475,0.431317652890479,0.2739385791913602,0.2947437679181609,0.4751167968297019,0.5248832031702981,0.5241930240957134,0.31931152238495086,0.23860574508613505,1-0,0.10326405741508807,1-1,0.13056763003354996,1-1|1-0|2-1,0.13056763|0.10326406|0.08931371,False,True,0,0,,,,,,,,,,,,,,False,0.30448968280072036,0.2855916560177665,0.40991866118151327,,,,home_win,
2018,41653,14,group_stage,2018-06-18,Tunisia,England,CAF,UEFA,False,CAF_vs_UEFA,1,2,away_win,0.5799034532995593,0.26642369714459097,0.15367284955584978,away_win,0.5799034532995593,0.7376620085884825,1.7092692699212462,-0.0475,0.1529839891432177,0.2457863301407427,0.6012296807160395,0.4422788333175262,0.5577211666824737,0.4324778757088064,0.18107074488363256,0.4782312500517545,1-2,0.09331138390234264,0-1,0.14282574904805284,0-1|0-2|1-1,0.14282575|0.12649612|0.11436896,False,False,1,1,,,,,,,,,,,,,,False,0.5799034532995593,0.26642369714459097,0.15367284955584978,,,,away_win,
2018,41654,15,group_stage,2018-06-19,Colombia,Japan,CONMEBOL,AFC,False,AFC_vs_CONMEBOL,1,2,away_win,0.16321201735673108,0.2260237914437519,0.6107641911995171,home_win,0.16321201735673108,1.8721863050838488,0.9644214220136954,-0.0475,0.5811815994128637,0.23323066526033623,0.18558773532680004,0.5388899884218612,0.4611100115781388,0.5285936638741829,0.3812067088985539,0.15389824174498876,1-2,0.051079537791568985,1-1,0.110959409684097,1-1|1-0|2-0,0.11095941|0.10480406|0.10281638,False,False,1,1,,,,,,,,,,,,,,False,0.16321201735673108,0.2260237914437519,0.6107641911995171,,,,home_win,
2018,41655,16,group_stage,2018-06-19,Poland,Senegal,UEFA,CAF,False,CAF_vs_UEFA,1,2,away_win,0.3065460484531447,0.3083901056715319,0.3850638458753234,home_win,0.3065460484531447,1.4250217410513395,1.218063760211958,-0.0475,0.4122587894565215,0.27152400219177103,0.3162172083517075,0.49225042691660365,0.5077495730833963,0.5406727519219369,0.29581449131802195,0.24053212616100092,1-2,0.07521839715214658,1-1,0.12937134096028421,1-1|1-0|2-1,0.12937134|0.09552793|0.08799856,False,False,1,1,,,,,,,,,,,,,,False,0.3065460484531447,0.3083901056715319,0.3850638458753234,,,,home_win,
2018,41656,17,group_stage,2018-06-19,Russia,Egypt,UEFA,CAF,False,CAF_vs_UEFA,3,1,home_win,0.2187973845306363,0.28414391200039946,0.4970587034689642,home_win,0.4970587034689642,1.718398964205228,0.9582724499003328,-0.0475,0.5469949912770264,0.24904283173462996,0.20396217698834357,0.500432126871796,0.49956787312820405,0.5112184107295402,0.3835578240064769,0.17942769199769695,3-1,0.055773779543935004,1-1,0.11871001319453409,1-1|1-0|2-0,0.11871001|0.11287872|0.10161044,False,False,1,1,,,,,,,,,,,,,,False,0.2187973845306363,0.28414391200039946,0.4970587034689642,,,,home_win,
2018,41657,18,group_stage,2018-06-20,Iran,Spain,AFC,UEFA,False,AFC_vs_UEFA,0,1,away_win,0.5866762328711858,0.2656234490022298,0.1477003181265844,away_win,0.5866762328711858,0.9599226795669533,1.8873639534979658,-0.0475,0.1827374537522611,0.23158870965356515,0.5856738365941738,0.5413891520020536,0.4586108479979464,0.5285300669810628,0.1515858478271329,0.38292542335356705,0-1,0.10455880630134436,1-1,0.11015869916916472,1-1|0-1|0-2,0.11015870|0.10455881|0.10338420,False,True,0,0,,,,,,,,,,,,,,False,0.5866762328711858,0.2656234490022298,0.1477003181265844,,,,away_win,
2018,41658,19,group_stage,2018-06-20,Portugal,Morocco,UEFA,CAF,False,CAF_vs_UEFA,1,0,home_win,0.18169216275580938,0.27628614560700215,0.5420216916371885,home_win,0.5420216916371885,1.859342465001108,0.9269181066562437,-0.0475,0.5874960899389927,0.23372219039530492,0.1787817196657022,0.5269349013224655,0.47306509867753455,0.5150881976386558,0.3957739154849737,0.15588279169241337,1-0,0.10966034947334419,1-1,0.1113781828587425,1-1|1-0|2-0,0.11137818|0.10966035|0.10664343,False,True,0,0,,,,,,,,,,,,,,False,0.18169216275580938,0.27628614560700215,0.5420216916371885,,,,home_win,
2018,41659,20,group_stage,2018-06-20,Uruguay,Saudi Arabia,CONMEBOL,AFC,False,AFC_vs_CONMEBOL,1,0,home_win,0.10136451907836799,0.18240853495846326,0.7162269459631688,home_win,0.7162269459631688,2.193151947205439,0.7707298282625887,-0.0475,0.6943225157213229,0.1921109904546375,0.11356649382403979,0.567830208914208,0.432169791085792,0.481413671280925,0.4626759939458259,0.1117814364040849,1-0,0.1092742057710536,2-0,0.12438101614567852,2-0|1-0|2-1,0.12438102|0.10927421|0.09586416,False,True,0,0,,,,,,,,,,,,,,False,0.10136451907836799,0.18240853495846326,0.7162269459631688,,,,home_win,
2018,41660,21,group_stage,2018-06-21,Argentina,Croatia,CONMEBOL,UEFA,False,CONMEBOL_vs_UEFA,0,3,away_win,0.22008099568410133,0.2819480431520519,0.49797096116384676,home_win,0.22008099568410133,1.5443649010316791,0.9557052220552451,-0.0475,0.504348056806121,0.26754071191987133,0.22811123127400745,0.4560888092669244,0.5439111907330756,0.4898173242345577,0.3845437140648255,0.2134913612469709,0-3,0.01194391350414122,1-1,0.12692697692302926,1-1|1-0|2-0,0.12692698|0.12103172|0.09790297,False,False,1,0,,,,,,,,,,,,,,False,0.22008099568410133,0.2819480431520519,0.49797096116384676,,,,home_win,
2018,41661,22,group_stage,2018-06-21,Denmark,Australia,UEFA,AFC,False,AFC_vs_UEFA,1,1,draw,0.2872365295424734,0.3096204842934527,0.403142986164074,home_win,0.3096204842934527,1.269468712896911,0.985527230576219,-0.0475,0.4225578200539839,0.29577716426191636,0.2816650156840998,0.39195443157242643,0.6080455684275736,0.4568713724600015,0.3732458381518835,0.2809962014954383,1-1,0.13744852541872285,1-1,0.13744852541872285,1-1|1-0|0-0,0.13744853|0.12690997|0.11111341,True,True,0,1,,,,,,,,,,,,,,False,0.2872365295424734,0.3096204842934527,0.403142986164074,,,,home_win,
2018,41662,23,group_stage,2018-06-21,France,Peru,UEFA,CONMEBOL,False,CONMEBOL_vs_UEFA,1,0,home_win,0.27053546651689236,0.3149696071032633,0.41449492637984425,home_win,0.41449492637984425,1.454952963776358,0.9996777365197371,-0.0475,0.47021498582026605,0.2762149388389336,0.2535700753408002,0.4444148315732461,0.5555851684267539,0.49039746916422017,0.36800177745993823,0.2334436016460949,1-0,0.1190564170984453,1-1,0.13088651272448737,1-1|1-0|0-0,0.13088651|0.11905642|0.09184285,False,True,0,0,,,,,,,,,,,,,,False,0.27053546651689236,0.3149696071032633,0.41449492637984425,,,,home_win,
2018,41663,24,group_stage,2018-06-22,Brazil,Costa Rica,CONMEBOL,CONCACAF,False,CONCACAF_vs_CONMEBOL,2,0,home_win,0.060766094400353535,0.14607622279071497,0.7931576828089315,home_win,0.7931576828089315,2.7327685169644025,0.5788903568529948,-0.0475,0.8197638781374031,0.12775285163989059,0.05248327022270636,0.6403595706804348,0.3596404293195652,0.41345143729139355,0.5605201037617785,0.06550341705791925,2-0,0.13709791357879092,2-0,0.13709791357879092,2-0|3-0|1-0,0.13709791|0.12488562|0.09757730,True,True,0,0,,,,,,,,,,,,,,False,0.060766094400353535,0.14607622279071497,0.7931576828089315,,,,home_win,
2018,41664,25,group_stage,2018-06-22,Nigeria,Iceland,CAF,UEFA,False,CAF_vs_UEFA,2,0,home_win,0.3648492385519714,0.2344737265794329,0.4006770348685958,home_win,0.4006770348685958,1.5349234375161842,1.4476667369844642,-0.0475,0.3920398255948517,0.2543353832506369,0.3536247911545115,0.5727565488397556,0.4272434511602444,0.6053627464173175,0.2351496561830692,0.21551480147534607,2-0,0.059698702241687454,1-1,0.11795892221576261,1-1|2-1|1-2,0.11795892|0.08642383|0.08151084,False,False,0,0,,,,,,,,,,,,,,False,0.3648492385519714,0.2344737265794329,0.4006770348685958,,,,home_win,
2018,41665,26,group_stage,2018-06-22,Serbia,Switzerland,UEFA,UEFA,True,UEFA_vs_UEFA,1,2,away_win,0.454523317627377,0.2928862784039091,0.25259040396871385,away_win,0.454523317627377,1.0700208914088842,1.6712495431009786,-0.0475,0.2375775420240956,0.2538914495938321,0.5085310083820723,0.5162548205228138,0.4837451794771862,0.5389073754781696,0.1880772234920273,0.3430070326957309,1-2,0.09640156709940054,1-1,0.12084448065039287,1-1|0-1|1-2,0.12084448|0.10233551|0.09640157,False,True,1,1,,,,,,,,,,,,,,False,0.454523317627377,0.2928862784039091,0.25259040396871385,,,,away_win,
2018,41666,27,group_stage,2018-06-23,Belgium,Tunisia,UEFA,CAF,False,CAF_vs_UEFA,5,2,home_win,0.14826058633214717,0.2375136449575503,0.6142257687103027,home_win,0.6142257687103027,2.243597751173923,0.873558575847784,-0.0475,0.6791159814092209,0.1927636769968458,0.1281203415939332,0.6016500435734611,0.3983499564265389,0.524735739392383,0.4174649494167562,0.10631307510111825,5-2,0.008022403461745665,2-0,0.11170347771934482,2-0|2-1|1-0,0.11170348|0.09757953|0.09544353,False,False,1,1,,,,,,,,,,,,,,False,0.14826058633214717,0.2375136449575503,0.6142257687103027,,,,home_win,
2018,41667,28,group_stage,2018-06-23,Germany,Sweden,UEFA,UEFA,True,UEFA_vs_UEFA,2,1,home_win,0.20031003975922512,0.2585498992545611,0.5411400609862138,home_win,0.5411400609862138,1.934172801332217,0.9342864086669985,-0.0475,0.6022439468645051,0.22615282545186427,0.17160322768363073,0.5462976756478923,0.45370232435210767,0.524174982238456,0.3928685879659191,0.14467230667941128,2-1,0.09932836597976372,1-1,0.10758755711189562,1-1|2-0|1-0,0.10758756|0.10631469|0.10505430,False,False,1,1,,,,,,,,,,,,,,False,0.20031003975922512,0.2585498992545611,0.5411400609862138,,,,home_win,
2018,41668,29,group_stage,2018-06-23,South Korea,Mexico,AFC,CONCACAF,False,AFC_vs_CONCACAF,1,2,away_win,0.507327229270719,0.20329963553971464,0.28937313518956637,away_win,0.507327229270719,1.084713245195838,1.536574292694056,-0.0475,0.2623090617508596,0.26635845469007646,0.47133248355906393,0.4867897607118301,0.5132102392881699,0.5253181778816763,0.2151596170350045,0.33800485839856353,1-2,0.09312703565575953,1-1,0.12697149797862875,1-1|0-1|1-2,0.12697150|0.10598970|0.09312704,False,True,1,1,,,,,,,,,,,,,,False,0.507327229270719,0.20329963553971464,0.28937313518956637,,,,away_win,
2018,41669,30,group_stage,2018-06-24,England,Panama,UEFA,CONCACAF,False,CONCACAF_vs_UEFA,6,1,home_win,0.11095380853777673,0.18329065946585066,0.7057555319963726,home_win,0.7057555319963726,2.333931342590105,0.6856567372749587,-0.0475,0.7392383847368618,0.17226524090553233,0.08849637435760593,0.579996586287193,0.420003413712807,0.4517329969621016,0.503759616004409,0.09718872382680176,6-1,0.0075360181791230526,2-0,0.13334765585290695,2-0|1-0|3-0,0.13334766|0.11054712|0.10374142,False,False,1,1,,,,,,,,,,,,,,False,0.11095380853777673,0.18329065946585066,0.7057555319963726,,,,home_win,
2018,41670,31,group_stage,2018-06-24,Japan,Senegal,AFC,CAF,False,AFC_vs_CAF,2,2,draw,0.35302160618256395,0.33290750228035887,0.3140708915370772,away_win,0.33290750228035887,1.1219929254353054,1.2153738092105326,-0.0475,0.33054392090492407,0.29312894454653865,0.3763271345485372,0.41380805193557496,0.5861919480644251,0.4805952117687798,0.29661110388435064,0.3256377218085812,2-2,0.044901629823638774,1-1,0.13796729079670123,1-1|0-1|0-0,0.13796729|0.11113397|0.10284404,False,False,1,1,,,,,,,,,,,,,,False,0.35302160618256395,0.33290750228035887,0.3140708915370772,,,,away_win,
2018,41671,32,group_stage,2018-06-24,Poland,Colombia,UEFA,CONMEBOL,False,CONMEBOL_vs_UEFA,0,3,away_win,0.47425043995700766,0.2875224228557121,0.23822713718728034,away_win,0.47425043995700766,1.0996955056546773,1.6510293633200657,-0.0475,0.2478911313825923,0.25553690494849424,0.49657196366891354,0.5185546496057929,0.4814453503942071,0.5445215341369939,0.1919137813585855,0.3329791443090488,0-3,0.04793319044874706,1-1,0.12153587009057326,1-1|0-1|1-2,0.12153587|0.09999503|0.09578009,False,False,1,0,,,,,,,,,,,,,,False,0.47425043995700766,0.2875224228557121,0.23822713718728034,,,,away_win,
2018,41672,33,group_stage,2018-06-25,Iran,Portugal,AFC,UEFA,False,AFC_vs_UEFA,1,1,draw,0.45537799137227775,0.30460159245792057,0.24002041616980158,away_win,0.30460159245792057,1.0740081693598416,1.379720638259307,-0.0475,0.2862689009917483,0.2812333914710475,0.43249770753720407,0.4442008010925365,0.5557991989074635,0.4987188251305816,0.2516731317637941,0.3416422418709686,1-1,0.1334630955134849,1-1,0.1334630955134849,1-1|0-1|0-0,0.13346310|0.11257935|0.09203420,True,True,0,1,,,,,,,,,,,,,,False,0.45537799137227775,0.30460159245792057,0.24002041616980158,,,,away_win,
2018,41673,34,group_stage,2018-06-25,Russia,Uruguay,UEFA,CONMEBOL,False,CONMEBOL_vs_UEFA,0,3,away_win,0.3778023311677658,0.30212928726737115,0.320068381564863,away_win,0.3778023311677658,1.105248014306825,1.3004775476817874,-0.0475,0.30932985242299427,0.28692666692034546,0.4037434806566602,0.431738000775178,0.568261999224822,0.492811700871151,0.27241923076058416,0.33113563798095136,0-3,0.03306747328712586,1-1,0.13581893460493139,1-1|0-1|0-0,0.13581893|0.11115426|0.09636657,False,False,1,0,,,,,,,,,,,,,,False,0.3778023311677658,0.30212928726737115,0.320068381564863,,,,away_win,
2018,41674,35,group_stage,2018-06-25,Saudi Arabia,Egypt,AFC,CAF,False,AFC_vs_CAF,2,1,home_win,0.4503672777955116,0.3017836859891835,0.2478490362153049,away_win,0.2478490362153049,1.068620208387472,1.523631690540996,-0.0475,0.26030432703177997,0.26791286813644644,0.4717828048317737,0.4795170583691701,0.5204829416308299,0.5192088794892362,0.21796006095082104,0.3434877610725349,2-1,0.06513058137262426,1-1,0.12768668129675947,1-1|0-1|1-2,0.12768668|0.10827906|0.09286276,False,False,1,1,,,,,,,,,,,,,,False,0.4503672777955116,0.3017836859891835,0.2478490362153049,,,,away_win,
2018,41675,36,group_stage,2018-06-25,Spain,Morocco,UEFA,CAF,False,CAF_vs_UEFA,2,2,draw,0.09576460631960107,0.2029704344693231,0.7012649592110758,home_win,0.2029704344693231,2.5380684298328218,0.7581406305400599,-0.0475,0.7549455531354987,0.1583166553892446,0.08673779147525662,0.6381326952857259,0.3618673047142741,0.49267098192119857,0.46853744898133465,0.07938710251654665,2-2,0.034430273061142165,2-0,0.11980388965372488,2-0|3-0|1-0,0.11980389|0.10135682|0.09100586,False,False,1,1,,,,,,,,,,,,,,False,0.09576460631960107,0.2029704344693231,0.7012649592110758,,,,home_win,
2018,41676,37,group_stage,2018-06-26,Australia,Peru,AFC,CONMEBOL,False,AFC_vs_CONMEBOL,0,2,away_win,0.5091127143821708,0.2730741198369921,0.21781316578083715,away_win,0.5091127143821708,0.9841222470943364,1.4987087719308405,-0.0475,0.24246860823333888,0.2720052698443009,0.48552612192236017,0.4516778164804557,0.5483221835195443,0.49214598624588024,0.22345613092743807,0.3737705759843049,0-2,0.09379979461353094,1-1,0.12903802731260725,1-1|0-1|0-2,0.12903803|0.11932278|0.09379979,False,True,0,0,,,,,,,,,,,,,,False,0.5091127143821708,0.2730741198369921,0.21781316578083715,,,,away_win,
2018,41677,38,group_stage,2018-06-26,Denmark,France,UEFA,UEFA,True,UEFA_vs_UEFA,0,0,draw,0.516985826292135,0.27049457885327466,0.21251959485459024,away_win,0.27049457885327466,0.9094914697781763,1.7363535059409325,-0.0475,0.1900538086671305,0.24654670319485997,0.5633994881380096,0.4927894017484817,0.5072105982515183,0.497330392588053,0.17624002211055492,0.40273106418458243,0-0,0.07630147888319024,0-1,0.1179175914374007,0-1|1-1|0-2,0.11791759|0.11741146|0.10699561,False,False,0,0,,,,,,,,,,,,,,False,0.516985826292135,0.27049457885327466,0.21251959485459024,,,,away_win,
2018,41678,39,group_stage,2018-06-26,Iceland,Croatia,UEFA,UEFA,True,UEFA_vs_UEFA,1,2,away_win,0.6188696119601287,0.21119785158997517,0.1699325364498961,away_win,0.6188696119601287,0.9950142628683621,2.365253699176177,-0.0475,0.13923282048295818,0.18748629024795815,0.6732808892690838,0.6514628469221344,0.3485371530778656,0.5747911755986118,0.09421387419682979,0.369721828064273,1-2,0.09694931074301262,0-2,0.09743509652166542,0-2|1-2|1-1,0.09743510|0.09694931|0.08587189,False,True,1,1,,,,,,,,,,,,,,False,0.6188696119601287,0.21119785158997517,0.1699325364498961,,,,away_win,
2018,41679,40,group_stage,2018-06-26,Nigeria,Argentina,CAF,CONMEBOL,False,CAF_vs_CONMEBOL,1,2,away_win,0.6425574778072907,0.194321089529715,0.16312143266299445,away_win,0.6425574778072907,0.8505619121192355,2.0983173985647903,-0.0475,0.1370839745626601,0.20609939922124254,0.6568166262160974,0.5646145527803857,0.43538544721961425,0.5069043628980171,0.12284429450283299,0.42717619750985614,1-2,0.09826080890055754,0-2,0.11552458145666755,0-2|0-1|1-2,0.11552458|0.10566294|0.09826081,False,True,1,1,,,,,,,,,,,,,,False,0.6425574778072907,0.194321089529715,0.16312143266299445,,,,away_win,
2018,41680,41,group_stage,2018-06-27,Mexico,Sweden,CONCACAF,UEFA,False,CONCACAF_vs_UEFA,0,3,away_win,0.26807701748449797,0.2741327008616192,0.4577902816538829,home_win,0.26807701748449797,1.4355948048367144,0.9216905876579977,-0.0475,0.48410946567112473,0.27995268252249683,0.23593785180637847,0.4190160038842911,0.5809839961157088,0.46478870466794864,0.3978481538488028,0.23800382495691658,0-3,0.012356785015238854,1-1,0.13124185069729158,1-1|1-0|0-0,0.13124185|0.12998428|0.10064068,False,False,1,0,,,,,,,,,,,,,,False,0.26807701748449797,0.2741327008616192,0.4577902816538829,,,,home_win,
2018,41681,42,group_stage,2018-06-27,Serbia,Brazil,UEFA,CONMEBOL,False,CONMEBOL_vs_UEFA,0,2,away_win,0.6925383421448673,0.23366777108538575,0.07379388676974706,away_win,0.6925383421448673,0.6373862501556699,2.2872833451517796,-0.0475,0.08362417947546702,0.1734059666314568,0.7429698538930761,0.5586174273318528,0.4413825726681472,0.42707454243406134,0.10179682310811765,0.5286726403625569,0-2,0.140776771119878,0-2,0.140776771119878,0-2|0-1|0-3,0.14077677|0.11936836|0.10733212,True,True,0,0,,,,,,,,,,,,,,False,0.6925383421448673,0.23366777108538575,0.07379388676974706,,,,away_win,
2018,41682,43,group_stage,2018-06-27,South Korea,Germany,AFC,UEFA,False,AFC_vs_UEFA,2,0,home_win,0.6774721506370033,0.20613365740346284,0.11639419195953393,away_win,0.11639419195953393,0.8753143825783553,2.122209477240658,-0.0475,0.13964482790373653,0.20481330737175416,0.6555418647245094,0.5755802293820722,0.4244197706179278,0.517711319700433,0.11995693812689016,0.4167326284371827,2-0,0.019150539387588306,0-2,0.11257174049157957,0-2|0-1|1-2,0.11257174|0.10167827|0.09853566,False,False,0,0,,,,,,,,,,,,,,False,0.6774721506370033,0.20613365740346284,0.11639419195953393,,,,away_win,
2018,41683,44,group_stage,2018-06-27,Switzerland,Costa Rica,UEFA,CONCACAF,False,CONCACAF_vs_UEFA,2,2,draw,0.2296189932553303,0.21184388081229916,0.5585371259323706,home_win,0.21184388081229916,1.9560868209800966,0.9827300174413081,-0.0475,0.5952491282444803,0.22525147171295057,0.179499400042569,0.5625423210852702,0.43745767891472975,0.5419798465198726,0.37429127846961685,0.14154571904966423,2-2,0.048943063847928577,1-1,0.10667995577107535,1-1|2-0|2-1,0.10667996|0.10135676|0.09960633,False,False,1,1,,,,,,,,,,,,,,False,0.2296189932553303,0.21184388081229916,0.5585371259323706,,,,home_win,
2018,41684,45,group_stage,2018-06-28,England,Belgium,UEFA,UEFA,True,UEFA_vs_UEFA,0,1,away_win,0.32218768391727626,0.2825692046942902,0.39524311138843354,home_win,0.32218768391727626,1.4933725677165344,1.364054859419232,-0.0475,0.39878221243840445,0.2604615135741135,0.34075627398748193,0.5440062615900473,0.4559937384099527,0.582692020674351,0.2556449879902228,0.2246508317453759,0-1,0.07278186132351998,1-1,0.12254605967713937,1-1|2-1|1-0,0.12254606|0.08735414|0.08020869,False,False,0,0,,,,,,,,,,,,,,False,0.32218768391727626,0.2825692046942902,0.39524311138843354,,,,home_win,
2018,41685,46,group_stage,2018-06-28,Japan,Poland,AFC,UEFA,False,AFC_vs_UEFA,0,1,away_win,0.4509141600679479,0.2532481718995574,0.2958376680324948,away_win,0.4509141600679479,1.4324146748078554,1.4631874595131633,-0.0475,0.3636267090815642,0.2590122197243888,0.37736107119404694,0.5528987812278203,0.4471012187721797,0.5904920859095103,0.23153044226913727,0.23876146501176274,0-1,0.07538235839076281,1-1,0.121365458218565,1-1|1-2|2-1,0.12136546|0.08476392|0.08298122,False,False,0,0,,,,,,,,,,,,,,False,0.4509141600679479,0.2532481718995574,0.2958376680324948,,,,away_win,
2018,41686,47,group_stage,2018-06-28,Panama,Tunisia,CONCACAF,CAF,False,CAF_vs_CONCACAF,1,2,away_win,0.2898231662407937,0.2042405870187013,0.505936246740505,home_win,0.2898231662407937,1.6672821221138883,1.4097442128600137,-0.0475,0.4318502963791058,0.24782767126277833,0.3203220323581157,0.5936595850045981,0.40634041499540186,0.618208914238657,0.24423301401207834,0.18882387557334623,1-2,0.07640486536482059,1-1,0.11354413905666004,1-1|2-1|1-2,0.11354414|0.09036282|0.07640487,False,True,1,1,,,,,,,,,,,,,,False,0.2898231662407937,0.2042405870187013,0.505936246740505,,,,home_win,
2018,41687,48,group_stage,2018-06-28,Senegal,Colombia,CAF,CONMEBOL,False,CAF_vs_CONMEBOL,0,1,away_win,0.5336970658367315,0.2333162771694036,0.23298665699386498,away_win,0.5336970658367315,0.9560648733101879,1.5883887845165037,-0.0475,0.22167766746622714,0.26282143401135494,0.5155008985224178,0.4674020691416523,0.5325979308583477,0.49549050320890253,0.20430515252001935,0.38440544499306034,0-1,0.11908063468602695,1-1,0.1249300908773414,1-1|0-1|0-2,0.12493009|0.11908063|0.09907235,False,True,0,0,,,,,,,,,,,,,,False,0.5336970658367315,0.2333162771694036,0.23298665699386498,,,,away_win,
2018,41688,49,knockout,2018-06-30,France,Argentina,UEFA,CONMEBOL,False,CONMEBOL_vs_UEFA,4,3,home_win,0.320554275802904,0.281821075135193,0.397624649061903,home_win,0.397624649061903,1.453749022101351,1.2281927135637631,-0.0475,0.409912354817237,0.2822454522274781,0.3078421929552848,0.49270597728922566,0.5072940227107743,0.5377076785135413,0.3057210948636739,0.24768888751264045,4-3,0.0038612993677047827,1-1,0.12567493167119506,1-1|1-0|0-0,0.12567493|0.09198619|0.09111766,False,False,1,1,,,,,,,,,,,,,,False,0.320554275802904,0.281821075135193,0.397624649061903,,,,home_win,
2018,41689,50,knockout,2018-06-30,Uruguay,Portugal,CONMEBOL,UEFA,False,CONMEBOL_vs_UEFA,2,1,home_win,0.29052101228254285,0.3179824864436858,0.3914965012737713,home_win,0.3914965012737713,1.1930689853980037,1.1091027321764388,-0.0475,0.36316282720124277,0.31404010380390707,0.32279706899485033,0.39402836163183963,0.6059716383681604,0.4609206709324737,0.34721535326498276,0.32134117538770246,2-1,0.07692768831893874,1-1,0.13508314188086373,1-1|0-0|1-0,0.13508314|0.12947720|0.11014657,False,False,1,1,,,,,,,,,,,,,,False,0.29052101228254285,0.3179824864436858,0.3914965012737713,,,,home_win,
2018,41690,51,knockout,2018-07-01,Croatia,Denmark,UEFA,UEFA,True,UEFA_vs_UEFA,1,1,draw,0.28769207213824677,0.30673197848327266,0.4055759493784807,home_win,0.30673197848327266,1.3818473643540763,1.0167884813409163,-0.0475,0.43588904484179036,0.30007723592330143,0.26403371923490815,0.41970371906989323,0.5802962809301068,0.4725676295420294,0.37685702630162715,0.2688535023346387,1-1,0.13055118027852783,1-1,0.13055118027852783,1-1|0-0|1-0,0.13055118|0.11827816|0.11665340,True,True,0,1,,,,,,,,,,,,,,False,0.28769207213824677,0.30673197848327266,0.4055759493784807,,,,home_win,
2018,41691,52,knockout,2018-07-01,Russia,Spain,UEFA,UEFA,True,UEFA_vs_UEFA,1,1,draw,0.5615541571669724,0.2251921036263238,0.21325373920670382,away_win,0.2251921036263238,1.0468636525537982,2.088147356138538,-0.0475,0.17554729359279184,0.22373854601486645,0.6007141603923417,0.5986009324759091,0.40139906752409094,0.566143325064403,0.1344991129845663,0.35875071133555886,1-1,0.09856605457319123,1-1,0.09856605457319123,1-1|1-2|0-2,0.09856605|0.09824365|0.09384570,True,True,0,1,,,,,,,,,,,,,,False,0.5615541571669724,0.2251921036263238,0.21325373920670382,,,,away_win,
2018,41692,53,knockout,2018-07-02,Belgium,Japan,UEFA,AFC,False,AFC_vs_UEFA,3,2,home_win,0.1883617302729858,0.21562064770197742,0.5960176220250367,home_win,0.5960176220250367,2.143467028037045,0.9407346182162539,-0.0475,0.6361073501019444,0.21539113195495208,0.14850151794310365,0.5873451741534425,0.41265482584655755,0.5357179455005574,0.3979051434649361,0.12839200212538712,3-2,0.032882679119503135,2-0,0.10400815334221387,2-0|2-1|1-1,0.10400815|0.09784407|0.09563167,False,False,1,1,,,,,,,,,,,,,,False,0.1883617302729858,0.21562064770197742,0.5960176220250367,,,,home_win,
2018,41693,54,knockout,2018-07-02,Brazil,Mexico,CONMEBOL,CONCACAF,False,CONCACAF_vs_CONMEBOL,2,0,home_win,0.12072041862468272,0.2063646464629096,0.6729149349124076,home_win,0.6729149349124076,2.066688728787077,0.6827932355109351,-0.0475,0.6805752268796412,0.21379351743468245,0.10563125568567634,0.5090712519819881,0.4909287480180119,0.4290310648301278,0.5135157962582799,0.14144340723183269,2-0,0.13448169788184344,2-0,0.13448169788184344,2-0|1-0|1-1,0.13448170|0.12592133|0.09308107,True,True,0,0,,,,,,,,,,,,,,False,0.12072041862468272,0.2063646464629096,0.6729149349124076,,,,home_win,
2018,41694,55,knockout,2018-07-03,Colombia,England,CONMEBOL,UEFA,False,CONMEBOL_vs_UEFA,1,1,draw,0.33661608655411784,0.31443373402766467,0.34895017941821754,home_win,0.31443373402766467,1.1271009178013787,1.2629968251501345,-0.0475,0.31486516602384323,0.30588179980516467,0.3792530341709921,0.41744909838809025,0.5825509016119097,0.4793026352653832,0.29994068214160985,0.3401168498452624,1-1,0.13336836999956891,1-1,0.13336836999956891,1-1|0-0|0-1,0.13336837|0.11936017|0.10691522,True,True,0,1,,,,,,,,,,,,,,False,0.33661608655411784,0.31443373402766467,0.34895017941821754,,,,home_win,
2018,41695,56,knockout,2018-07-03,Sweden,Switzerland,UEFA,UEFA,True,UEFA_vs_UEFA,1,0,home_win,0.38059932571608907,0.30790292616636017,0.3114977481175509,away_win,0.3114977481175509,1.1338280485772991,1.370573167150481,-0.0475,0.29747952982349163,0.29502941436553687,0.4074910558109714,0.4474342748480818,0.5525657251519183,0.5009829686086732,0.27000225986078635,0.3363683291137193,1-0,0.08477902030601105,1-1,0.1301908685347733,1-1|0-0|0-1,0.13019087|0.10735356|0.10371371,False,False,0,0,,,,,,,,,,,,,,False,0.38059932571608907,0.30790292616636017,0.3114977481175509,,,,away_win,
2018,41697,57,knockout,2018-07-06,Brazil,Belgium,CONMEBOL,UEFA,False,CONMEBOL_vs_UEFA,1,2,away_win,0.1578973632264526,0.25487329767089506,0.5872293391026523,home_win,0.1578973632264526,1.8257289085089654,0.9054881367117731,-0.0475,0.5750893668808567,0.24997168380472345,0.17493894931441983,0.5048177566450311,0.49518224335496885,0.4960352382560167,0.4146341164202903,0.1756863853221793,1-2,0.047942697164044076,1-0,0.11191647355066772,1-0|1-1|2-0,0.11191647|0.11092354|0.10675623,False,False,1,1,,,,,,,,,,,,,,False,0.1578973632264526,0.25487329767089506,0.5872293391026523,,,,home_win,
2018,41698,58,knockout,2018-07-06,Uruguay,France,CONMEBOL,UEFA,False,CONMEBOL_vs_UEFA,0,2,away_win,0.33971592188891586,0.303322492194508,0.35696158591657606,home_win,0.33971592188891586,1.126516497075894,1.2658630624473308,-0.0475,0.31417815874920085,0.3056474299385544,0.38017441131224455,0.4180531393219718,0.5819468606780283,0.47972552289036546,0.29911449275040186,0.34026755372483725,0-2,0.07150049154647942,1-1,0.13330421549490779,1-1|0-0|0-1,0.13330422|0.11910757|0.10692236,False,False,0,0,,,,,,,,,,,,,,False,0.33971592188891586,0.303322492194508,0.35696158591657606,,,,home_win,
2018,41699,59,knockout,2018-07-07,Russia,Croatia,UEFA,UEFA,True,UEFA_vs_UEFA,2,2,draw,0.39559664177292697,0.26837158278063655,0.3360317754464364,away_win,0.26837158278063655,1.2015758714319715,1.440088047777264,-0.0475,0.3033069650212323,0.28483347760734873,0.411859557371419,0.48259116434651683,0.5174088356534832,0.5292398995179013,0.25136938147548443,0.3139565530365209,2-2,0.05232871811855318,1-1,0.12671087045364904,1-1|0-1|0-0,0.12671087|0.09492615|0.09456583,False,False,1,1,,,,,,,,,,,,,,False,0.39559664177292697,0.26837158278063655,0.3360317754464364,,,,away_win,
2018,41700,60,knockout,2018-07-07,Sweden,England,UEFA,UEFA,True,UEFA_vs_UEFA,0,2,away_win,0.49978525386513734,0.2821401500286613,0.2180745961062014,away_win,0.49978525386513734,0.9469965522099876,1.6975391260745767,-0.0475,0.20025680609452032,0.26520781513060393,0.5345353787748758,0.48325276247572124,0.5167472375242788,0.4958985008266421,0.19853063940605525,0.3993925383694522,0-2,0.10047210894499917,1-1,0.11742434612502768,1-1|0-1|0-2,0.11742435|0.11304910|0.10047211,False,True,0,0,,,,,,,,,,,,,,False,0.49978525386513734,0.2821401500286613,0.2180745961062014,,,,away_win,
2018,41701,61,knockout,2018-07-10,France,Belgium,UEFA,UEFA,True,UEFA_vs_UEFA,1,0,home_win,0.36422404650139745,0.2581039538544465,0.37767199964415593,home_win,0.37767199964415593,1.478260634940107,1.4313162148815468,-0.0475,0.3756983851973797,0.2691997506842381,0.35510186411838207,0.5479085211686255,0.45209147883137446,0.5841389439118345,0.25026833958277145,0.2394755333474814,1-0,0.07399712260730605,1-1,0.11903720681460768,1-1|2-1|1-2,0.11903721|0.08399428|0.08132691,False,False,0,0,,,,,,,,,,,,,,False,0.36422404650139745,0.2581039538544465,0.37767199964415593,,,,home_win,
2018,41702,62,knockout,2018-07-11,Croatia,England,UEFA,UEFA,True,UEFA_vs_UEFA,2,1,home_win,0.4472006164507577,0.2748719558796553,0.27792742766958706,away_win,0.27792742766958706,1.1089375573458948,1.555103152504327,-0.0475,0.2605252322954966,0.2777623502380978,0.4617124174664058,0.4882054741428991,0.5117945258571008,0.5243779066018402,0.22580492593134283,0.34231219430489485,2-1,0.06539715958983577,1-1,0.12354802886162088,1-1|0-1|0-0,0.12354803|0.10075669|0.09249503,False,False,1,1,,,,,,,,,,,,,,False,0.4472006164507577,0.2748719558796553,0.27792742766958706,,,,away_win,
2018,41703,63,knockout,2018-07-14,Belgium,England,UEFA,UEFA,True,UEFA_vs_UEFA,2,0,home_win,0.38873998440588786,0.25980181554579856,0.35145820004831346,away_win,0.35145820004831346,1.4509750500779763,1.4709558039513395,-0.0475,0.3613701771836521,0.2685079068918073,0.37012191592454063,0.550802095280727,0.449197904719273,0.5864949594123741,0.2409929920159836,0.24555878123896407,2-0,0.05585260166797512,1-1,0.11862251145208416,1-1|1-2|2-1,0.11862251|0.08328805|0.08215671,False,False,0,0,,,,,,,,,,,,,,False,0.38873998440588786,0.25980181554579856,0.35145820004831346,,,,away_win,
2018,41704,64,knockout,2018-07-15,France,Croatia,UEFA,UEFA,True,UEFA_vs_UEFA,4,2,home_win,0.26536521898976334,0.2727062220652012,0.46192855894503543,home_win,0.46192855894503543,1.5903067249671474,1.057595542610047,-0.0475,0.4821713227348774,0.2755885053188828,0.2422401719462399,0.4841377648402512,0.5158622351597488,0.5154126551494888,0.35954011199376046,0.2188489306925123,4-2,0.010357205881320643,1-1,0.12242654125457023,1-1|1-0|0-0,0.12242654|0.10495853|0.09380170,False,False,1,1,,,,,,,,,,,,,,False,0.26536521898976334,0.2727062220652012,0.46192855894503543,,,,home_win,
2022,45711,1,group_stage,2022-11-20,Qatar,Ecuador,AFC,CONMEBOL,False,AFC_vs_CONMEBOL,0,2,away_win,0.3476410227621907,0.34231487088257845,0.3100441063552308,away_win,0.3476410227621907,1.0322886443625077,0.9704781874703776,-0.045,0.35606293751432566,0.32022071551313463,0.3237163469725397,0.32405820551701475,0.6759417944829853,0.40594825210238544,0.3789049446276464,0.3561954087447377,0-2,0.06355652613058364,1-1,0.14129337824156105,1-1|0-0|1-0,0.14129338|0.14104861|0.13323761,False,False,0,0,,,,,,,,,,,,,,False,0.3476410227621907,0.34231487088257845,0.3100441063552308,,,,away_win,
2022,45718,2,group_stage,2022-11-21,England,Iran,UEFA,AFC,False,AFC_vs_UEFA,6,2,home_win,0.32801944674924566,0.2550268234794949,0.4169537297712595,home_win,0.4169537297712595,1.4297160733828176,1.1897827229138376,-0.045,0.41999643897268524,0.27172194706986497,0.3082816139574498,0.486373430293028,0.513626569706972,0.5347231279568065,0.3042979746166495,0.23940628049416224,6-2,0.000611654567954499,1-1,0.12949957686361474,1-1|1-0|2-1,0.12949958|0.09857949|0.08858738,False,False,1,1,,,,,,,,,,,,,,False,0.32801944674924566,0.2550268234794949,0.4169537297712595,,,,home_win,
2022,45719,3,group_stage,2022-11-21,Senegal,Netherlands,CAF,UEFA,False,CAF_vs_UEFA,0,2,away_win,0.5430384559628596,0.22844791870197595,0.22851362533516445,away_win,0.5430384559628596,0.9184913448726533,1.69212802039591,-0.045,0.1982559106392278,0.25091706540896014,0.550827023951812,0.4840361151178463,0.5159638848821537,0.4953392874267779,0.1841965690472974,0.39912294851805513,0-2,0.10525062280491564,1-1,0.11940233273736547,1-1|0-1|0-2,0.11940233|0.11925858|0.10525062,False,True,0,0,,,,,,,,,,,,,,False,0.5430384559628596,0.22844791870197595,0.22851362533516445,,,,away_win,
2022,45720,4,group_stage,2022-11-21,United States,Wales,CONCACAF,UEFA,False,CONCACAF_vs_UEFA,1,1,draw,0.26568589387031066,0.21731656767511326,0.5169975384545761,home_win,0.21731656767511326,1.7337949828480914,0.9870666298156214,-0.045,0.5438950623306672,0.24711197259976583,0.2089929650695667,0.511251996186671,0.48874800381332895,0.5215561867397239,0.37267174435989,0.17669076429901892,1-1,0.11776081905581925,1-1,0.11776081905581925,1-1|1-0|2-0,0.11776082|0.10909529|0.09897051,True,True,0,1,,,,,,,,,,,,,,False,0.26568589387031066,0.21731656767511326,0.5169975384545761,,,,home_win,
2022,45721,5,group_stage,2022-11-22,Argentina,Saudi Arabia,CONMEBOL,AFC,False,AFC_vs_CONMEBOL,1,2,away_win,0.0510848452252342,0.17684985493321131,0.7720652998415544,home_win,0.0510848452252342,2.363975650275228,0.6005920475100712,-0.045,0.764239041120113,0.16238721762216524,0.07337374125772171,0.5675051220423393,0.43249487795766073,0.4122260074944181,0.5484869449748778,0.09433342893738836,1-2,0.02205992714912071,2-0,0.14457324132904262,2-0|1-0|3-0,0.14457324|0.11900792|0.11392254,False,False,1,1,,,,,,,,,,,,,,False,0.0510848452252342,0.17684985493321131,0.7720652998415544,,,,home_win,
2022,45722,6,group_stage,2022-11-22,Denmark,Tunisia,UEFA,CAF,False,CAF_vs_UEFA,0,0,draw,0.22800035351780973,0.28787091295828243,0.48412873352390784,home_win,0.28787091295828243,1.5626554668239785,0.9743847837244145,-0.045,0.5047501645477381,0.26482886354360863,0.23042097190865296,0.4655288979107051,0.5344711020892949,0.4974863377715063,0.3774276945282474,0.20962549277008657,0-0,0.08453952506984047,1-1,0.12588902793658738,1-1|1-0|2-0,0.12588903|0.11821385|0.09659938,False,False,0,0,,,,,,,,,,,,,,False,0.22800035351780973,0.28787091295828243,0.48412873352390784,,,,home_win,
2022,45723,7,group_stage,2022-11-22,France,Australia,UEFA,AFC,False,AFC_vs_UEFA,4,1,home_win,0.19503308190204613,0.22812137750281522,0.5768455405951387,home_win,0.5768455405951387,1.7541441183983253,0.8795173159808961,-0.045,0.5754149211933871,0.24351126679516114,0.18107381201145153,0.48974311161446427,0.5102568883855357,0.4887152460874204,0.4149848621367707,0.1731375954406093,4-1,0.024929747252347003,1-0,0.12104612232223168,1-0|1-1|2-0,0.12104612|0.11583761|0.11054120,False,False,1,1,,,,,,,,,,,,,,False,0.19503308190204613,0.22812137750281522,0.5768455405951387,,,,home_win,
2022,45724,8,group_stage,2022-11-22,Mexico,Poland,CONCACAF,UEFA,False,CONCACAF_vs_UEFA,0,0,draw,0.26734611697469074,0.2238606153570295,0.5087932676682798,home_win,0.2238606153570295,1.6386317933065813,1.0481667414363158,-0.045,0.5060012312875827,0.25658106158263516,0.237417707129782,0.5029775142006195,0.49702248579938046,0.5284956442169424,0.3505848822212321,0.19430484910632242,0-0,0.07338537554449705,1-1,0.12226576413982511,1-1|1-0|2-1,0.12226576|0.10635913|0.09586056,False,False,0,0,,,,,,,,,,,,,,False,0.26734611697469074,0.2238606153570295,0.5087932676682798,,,,home_win,
2022,45725,9,group_stage,2022-11-23,Belgium,Canada,UEFA,CONCACAF,False,CONCACAF_vs_UEFA,1,0,home_win,0.1967988694367905,0.1990003847226105,0.604200745840599,home_win,0.604200745840599,2.0788272646233406,0.9874172675569471,-0.045,0.6202531176425996,0.2129868467217108,0.16676003563568956,0.5909116901471858,0.4090883098528142,0.5531787751457797,0.3725411033150158,0.12525161406468122,1-0,0.09269081947650873,2-0,0.10082409679110492,2-0|1-1|2-1,0.10082410|0.10009052|0.09955545,False,False,0,0,,,,,,,,,,,,,,False,0.1967988694367905,0.1990003847226105,0.604200745840599,,,,home_win,
2022,45726,10,group_stage,2022-11-23,Germany,Japan,UEFA,AFC,False,AFC_vs_UEFA,1,2,away_win,0.29706429696186815,0.2433806736355756,0.4595550294025562,home_win,0.29706429696186815,1.5861116925128593,1.089354989831013,-0.045,0.48313235741852023,0.26107547170188117,0.2557921708795988,0.5002144778187908,0.4997855221812092,0.5330393495026329,0.336439749230797,0.20477042393082212,1-2,0.06483614055921452,1-1,0.12439244785556913,1-1|1-0|2-1,0.12439245|0.10391524|0.09440207,False,False,1,1,,,,,,,,,,,,,,False,0.29706429696186815,0.2433806736355756,0.4595550294025562,,,,home_win,
2022,45727,11,group_stage,2022-11-23,Morocco,Croatia,CAF,UEFA,False,CAF_vs_UEFA,0,0,draw,0.4188565185832487,0.26081765528685574,0.32032582612989563,away_win,0.26081765528685574,1.0193053501288405,1.2451517964752166,-0.045,0.29606457506148326,0.2958508223139881,0.40808460262452867,0.3944785991351403,0.6055214008648597,0.4610655643324573,0.28791095511587167,0.3608497517100444,0-0,0.10982627115837328,1-1,0.13779310760597097,1-1|0-1|0-0,0.13779311|0.12342838|0.10982627,False,True,0,0,,,,,,,,,,,,,,False,0.4188565185832487,0.26081765528685574,0.32032582612989563,,,,away_win,
2022,45728,12,group_stage,2022-11-23,Spain,Costa Rica,UEFA,CONCACAF,False,CONCACAF_vs_UEFA,7,0,home_win,0.12086780571856137,0.19651135344565154,0.6826208408357871,home_win,0.6826208408357871,2.0316342598785035,0.7354479125987794,-0.045,0.6722799841153655,0.2069240553128284,0.1207959605718061,0.5220841394635409,0.47791586053645907,0.4565808102532806,0.4792912611522395,0.13127988645694905,7-0,0.0017835523511193303,2-0,0.1298550258523557,2-0|1-0|1-1,0.12985503|0.12360242|0.09824522,False,False,1,0,,,,,,,,,,,,,,False,0.12086780571856137,0.19651135344565154,0.6826208408357871,,,,home_win,
2022,45729,13,group_stage,2022-11-24,Brazil,Serbia,CONMEBOL,UEFA,False,CONMEBOL_vs_UEFA,2,0,home_win,0.06690845122311458,0.17983154948071442,0.753259999296171,home_win,0.753259999296171,2.5834684014586315,0.6657487047722638,-0.045,0.7819894066571743,0.14712358917649057,0.07088700416633494,0.6283622746724209,0.3716377253275791,0.45223325906721296,0.5138889055431841,0.07590184145291844,2-0,0.1301660921215006,2-0,0.1301660921215006,2-0|3-0|1-0,0.13016609|0.11209333|0.09774959,True,True,0,0,,,,,,,,,,,,,,False,0.06690845122311458,0.17983154948071442,0.753259999296171,,,,home_win,
2022,45730,14,group_stage,2022-11-24,Portugal,Ghana,UEFA,CAF,False,CAF_vs_UEFA,3,2,home_win,0.09542255040808262,0.20452329997864174,0.7000541496132756,home_win,0.7000541496132756,2.3019006142697487,0.692815879128828,-0.045,0.7324015836496809,0.17557553377593538,0.09202288257438378,0.5745178545285283,0.4254821454714717,0.4532871760840301,0.500166034729736,0.10032950252706846,3-2,0.024482568687002715,2-0,0.13294928227562314,2-0|1-0|3-0,0.13294928|0.11191131|0.10201201,False,False,1,1,,,,,,,,,,,,,,False,0.09542255040808262,0.20452329997864174,0.7000541496132756,,,,home_win,
2022,45731,15,group_stage,2022-11-24,Switzerland,Cameroon,UEFA,CAF,False,CAF_vs_UEFA,1,0,home_win,0.20885355031762554,0.2806879177873913,0.5104585318949832,home_win,0.5104585318949832,1.6541058824494426,0.9074183477190673,-0.045,0.5443231976854735,0.2549996311544456,0.2006771711600809,0.4716950246385024,0.5283049753614977,0.4875357985824534,0.4035668066973886,0.19132501551492365,1-0,0.12250233206280821,1-0,0.12250233206280821,1-0|1-1|2-0,0.12250233|0.12110842|0.10562916,True,True,0,0,,,,,,,,,,,,,,False,0.20885355031762554,0.2806879177873913,0.5104585318949832,,,,home_win,
2022,45732,16,group_stage,2022-11-24,Uruguay,South Korea,CONMEBOL,AFC,False,AFC_vs_CONMEBOL,0,0,draw,0.19428689420450443,0.25041221896289656,0.5553008868325991,home_win,0.25041221896289656,1.5818907767747252,1.025503987841109,-0.045,0.497233222921339,0.26235374128293215,0.24041303579572873,0.48329410776056997,0.5167058922394301,0.5148727567171714,0.3586200783068207,0.2056356851145353,0-0,0.07912852013852763,1-1,0.12501531553065942,1-1|1-0|2-1,0.12501532|0.11127324|0.09462228,False,False,0,0,,,,,,,,,,,,,,False,0.19428689420450443,0.25041221896289656,0.5553008868325991,,,,home_win,
2022,45733,17,group_stage,2022-11-25,England,United States,UEFA,CONCACAF,False,CONCACAF_vs_UEFA,0,0,draw,0.29404088907629405,0.2042614703238599,0.5016976405998461,home_win,0.2042614703238599,1.8538660819094501,1.2402219447354246,-0.045,0.5126443588359069,0.23666016240140317,0.2506954787626899,0.5972638646767833,0.4027361353232167,0.6039709860880519,0.28933344398172534,0.1567367831417224,0-0,0.050041213211499555,1-1,0.10895912986844784,1-1|2-1|1-0,0.10895913|0.09664863|0.07937931,False,False,0,0,,,,,,,,,,,,,,False,0.29404088907629405,0.2042614703238599,0.5016976405998461,,,,home_win,
2022,45734,18,group_stage,2022-11-25,Netherlands,Ecuador,UEFA,CONMEBOL,False,CONMEBOL_vs_UEFA,1,1,draw,0.2660496049115604,0.2969546749457265,0.43699572014271304,home_win,0.2969546749457265,1.3639650028244326,0.9215595586787202,-0.045,0.4648782605373623,0.28737050511613615,0.2477512343465014,0.40006196197420535,0.5999380380257946,0.4539163781254125,0.39790028457716575,0.2556679501733578,1-1,0.13362676818239388,1-1,0.13362676818239388,1-1|1-0|0-0,0.13362677|0.13300237|0.10748461,True,True,0,1,,,,,,,,,,,,,,False,0.2660496049115604,0.2969546749457265,0.43699572014271304,,,,home_win,
2022,45735,19,group_stage,2022-11-25,Qatar,Senegal,AFC,CAF,False,AFC_vs_CAF,1,3,away_win,0.25532608263286005,0.3511937144671187,0.3934802029000212,home_win,0.25532608263286005,1.2256493725721076,0.8551309396315554,-0.045,0.44181383397525276,0.3060053124347229,0.2521808535900243,0.3451465643824669,0.6548534356175331,0.41191792186373644,0.4252289237145935,0.2935795760259576,1-3,0.01594635737971159,1-0,0.1471203679934611,1-0|1-1|0-0,0.14712037|0.13672999|0.13072642,False,False,1,1,,,,,,,,,,,,,,False,0.25532608263286005,0.3511937144671187,0.3934802029000212,,,,home_win,
2022,45736,20,group_stage,2022-11-25,Wales,Iran,UEFA,AFC,False,AFC_vs_UEFA,0,2,away_win,0.46288542050567666,0.26802110136129403,0.26909347813302925,away_win,0.46288542050567666,0.9838266981993833,1.5130793852866489,-0.045,0.24044453422236073,0.26989806772468444,0.4896573980529548,0.4552901476271221,0.544709852372878,0.4937202515714492,0.22027033981859603,0.3738810524712643,0-2,0.0942720413577467,1-1,0.1281109014201711,1-1|0-1|0-2,0.12811090|0.11909277|0.09427204,False,True,0,0,,,,,,,,,,,,,,False,0.46288542050567666,0.26802110136129403,0.26909347813302925,,,,away_win,
2022,45737,21,group_stage,2022-11-26,Argentina,Mexico,CONMEBOL,CONCACAF,False,CONCACAF_vs_CONMEBOL,2,0,home_win,0.1477725905659554,0.20647705546031625,0.6457503539737284,home_win,0.6457503539737284,2.1915888362740295,0.8509672104416494,-0.045,0.6749786713737946,0.19624939115532386,0.1287719374708814,0.5854741848706099,0.41452581512939013,0.5128588203783393,0.4270031035253883,0.11195535421165162,2-0,0.11480586187156452,2-0,0.11480586187156452,2-0|1-0|2-1,0.11480586|0.10075753|0.09769602,True,True,0,0,,,,,,,,,,,,,,False,0.1477725905659554,0.20647705546031625,0.6457503539737284,,,,home_win,
2022,45738,22,group_stage,2022-11-26,France,Denmark,UEFA,UEFA,True,UEFA_vs_UEFA,2,1,home_win,0.25720921122269036,0.2507072295736536,0.4920835592036561,home_win,0.4920835592036561,1.6921543523866336,1.0605270165964225,-0.045,0.5161646087204109,0.25137104958445194,0.2324643416951371,0.5190027862120816,0.4809972137879184,0.5384620267571807,0.3462786557952559,0.1841917258901471,2-1,0.09684284328801754,1-1,0.11961174947574212,1-1|1-0|2-1,0.11961175|0.10277767|0.09684284,False,True,1,1,,,,,,,,,,,,,,False,0.25720921122269036,0.2507072295736536,0.4920835592036561,,,,home_win,
2022,45739,23,group_stage,2022-11-26,Poland,Saudi Arabia,UEFA,AFC,False,AFC_vs_UEFA,2,0,home_win,0.3281149430376073,0.2905505354229974,0.38133452153939523,home_win,0.38133452153939523,1.1802491755194633,1.0142119943020198,-0.045,0.39055196828354327,0.30244301680523655,0.30700501491122006,0.37577303763515113,0.6242269623648489,0.4475209260465854,0.36269222751947316,0.3072123033409774,2-0,0.07760581587190896,1-1,0.13937843755154994,1-1|1-0|0-0,0.13937844|0.12550557|0.11742546,False,False,0,0,,,,,,,,,,,,,,False,0.3281149430376073,0.2905505354229974,0.38133452153939523,,,,home_win,
2022,45740,24,group_stage,2022-11-26,Tunisia,Australia,CAF,AFC,False,AFC_vs_CAF,0,1,away_win,0.36434660342805836,0.2817797053195062,0.3538736912524355,away_win,0.36434660342805836,0.9784999657267274,1.1257096547907885,-0.045,0.30719353828361895,0.3102022792264698,0.38260418248991135,0.3514841569408889,0.6485158430591111,0.4276829309460884,0.3244298370316903,0.37587780014201644,0-1,0.13123116499277415,1-1,0.14036892080678923,1-1|0-1|0-0,0.14036892|0.13123116|0.12799057,False,True,0,0,,,,,,,,,,,,,,False,0.36434660342805836,0.2817797053195062,0.3538736912524355,,,,away_win,
2022,45741,25,group_stage,2022-11-27,Belgium,Morocco,UEFA,CAF,False,CAF_vs_UEFA,0,2,away_win,0.19594306677799764,0.2685106351906935,0.5355462980313089,home_win,0.19594306677799764,1.71612619258174,0.908920801297743,-0.045,0.5590008866018915,0.2481862384142548,0.1928128749838536,0.4876260931864143,0.5123739068135857,0.49475692700549584,0.40296094625824896,0.17983531236660932,0-2,0.02993367375324251,1-0,0.11927526547334548,1-0|1-1|2-0,0.11927527|0.11812164|0.10671031,False,False,0,0,,,,,,,,,,,,,,False,0.19594306677799764,0.2685106351906935,0.5355462980313089,,,,home_win,
2022,45742,26,group_stage,2022-11-27,Croatia,Canada,UEFA,CONCACAF,False,CONCACAF_vs_UEFA,4,1,home_win,0.27527807117703446,0.2527207397720173,0.4720011890509483,home_win,0.4720011890509483,1.5378758429799158,0.9760272515530675,-0.045,0.49798683931599363,0.2674116840579994,0.23460147662600697,0.4596353745655009,0.5403646254344991,0.4947492985010684,0.37680832934262654,0.214880000167468,4-1,0.018418416615216465,1-1,0.12700359055927496,1-1|1-0|2-0,0.12700359|0.11905056|0.09574785,False,False,1,1,,,,,,,,,,,,,,False,0.27527807117703446,0.2527207397720173,0.4720011890509483,,,,home_win,
2022,45743,27,group_stage,2022-11-27,Japan,Costa Rica,AFC,CONCACAF,False,AFC_vs_CONCACAF,0,1,away_win,0.1639969867643233,0.1840056348524,0.6519973783832766,home_win,0.1639969867643233,1.9307054513317812,0.8280512359977321,-0.045,0.6280744628280364,0.22244854633398048,0.1494769908379831,0.5202348351250068,0.4797651648749932,0.48591506674959106,0.4369010233029218,0.14517335029102613,0-1,0.04795724169618438,2-0,0.11821484344155893,2-0|1-0|1-1,0.11821484|0.11789461|0.10596428,False,False,0,0,,,,,,,,,,,,,,False,0.1639969867643233,0.1840056348524,0.6519973783832766,,,,home_win,
2022,45744,28,group_stage,2022-11-27,Spain,Germany,UEFA,UEFA,True,UEFA_vs_UEFA,1,1,draw,0.27363954861911655,0.24452300608114166,0.4818374452997419,home_win,0.24452300608114166,1.821354913599965,1.1817299095640619,-0.045,0.5184425737926489,0.23947947483016718,0.24207795137718385,0.5772305581532577,0.42276944184674226,0.5858135680609144,0.3067578289018196,0.16190444217271646,1-1,0.11170780540916173,1-1,0.11170780540916173,1-1|2-1|1-0,0.11170781|0.09734907|0.08564804,True,True,0,1,,,,,,,,,,,,,,False,0.27363954861911655,0.24452300608114166,0.4818374452997419,,,,home_win,
2022,45745,29,group_stage,2022-11-28,Brazil,Switzerland,CONMEBOL,UEFA,False,CONMEBOL_vs_UEFA,1,0,home_win,0.07905312619522128,0.18671777060771638,0.7342291031970625,home_win,0.7342291031970625,2.3751298370590894,0.6182944341683558,-0.045,0.761837336615701,0.16270368747451572,0.07545897590978312,0.5739980819188644,0.42600191808113563,0.4214374945750061,0.5388628851938216,0.09329518698115816,1-0,0.11608339409505995,2-0,0.1418019577052838,2-0|1-0|3-0,0.14180196|0.11608339|0.11226602,False,True,0,0,,,,,,,,,,,,,,False,0.07905312619522128,0.18671777060771638,0.7342291031970625,,,,home_win,
2022,45746,30,group_stage,2022-11-28,Cameroon,Serbia,CAF,UEFA,False,CAF_vs_UEFA,3,3,draw,0.4794471857286261,0.2545778237015051,0.2659749905698688,away_win,0.2545778237015051,1.016331442779847,1.576398222533309,-0.045,0.23894558988998105,0.26300377979334544,0.49805063031667357,0.47961489669107327,0.5203851033089267,0.5115378190946275,0.20676711995770422,0.3619243953876541,3-3,0.008548712865018212,1-1,0.12529014874651592,1-1|0-1|1-2,0.12529015|0.11257302|0.09450104,False,False,1,1,,,,,,,,,,,,,,False,0.4794471857286261,0.2545778237015051,0.2659749905698688,,,,away_win,
2022,45747,31,group_stage,2022-11-28,Portugal,Uruguay,UEFA,CONMEBOL,False,CONMEBOL_vs_UEFA,2,0,home_win,0.33018717654292434,0.3156365530074453,0.3541762704496304,home_win,0.3541762704496304,1.2398390163361157,1.2042608194232203,-0.045,0.3659084423507579,0.28529944385786704,0.348792113791375,0.4417225516692518,0.5582774483307482,0.5032751319616798,0.29992497527858913,0.28944423049812174,2-0,0.06672339429147078,1-1,0.13545020765529497,1-1|1-0|0-1,0.13545021|0.10179957|0.09871097,False,False,0,0,,,,,,,,,,,,,,False,0.33018717654292434,0.3156365530074453,0.3541762704496304,,,,home_win,
2022,45748,32,group_stage,2022-11-28,South Korea,Ghana,AFC,CAF,False,AFC_vs_CAF,2,3,away_win,0.1986428846749552,0.2801274700515583,0.5212296452734866,home_win,0.1986428846749552,1.6694670703106331,0.8109277092783599,-0.045,0.5727299509254848,0.25196715897098804,0.17530289010352706,0.45095772066014506,0.5490422793398549,0.45598186988258965,0.4444465645803667,0.18841230989800029,2-3,0.010371694526688667,1-0,0.1346983028341862,1-0|1-1|2-0,0.13469830|0.11846911|0.11669562,False,False,1,1,,,,,,,,,,,,,,False,0.1986428846749552,0.2801274700515583,0.5212296452734866,,,,home_win,
2022,45749,33,group_stage,2022-11-29,Ecuador,Senegal,CONMEBOL,CAF,False,CAF_vs_CONMEBOL,1,2,away_win,0.21570218560574128,0.30092151289412555,0.48337630150013317,home_win,0.21570218560574128,1.3062359743779175,0.8721314454488788,-0.045,0.4609419972440809,0.2955772319165322,0.24348077083938693,0.3714359307868022,0.6285640692131977,0.43012236954558297,0.4180611325763639,0.27085556966659546,1-2,0.05625136935614053,1-0,0.14210568200012247,1-0|1-1|0-0,0.14210568|0.13480234|0.11903907,False,False,1,1,,,,,,,,,,,,,,False,0.21570218560574128,0.30092151289412555,0.48337630150013317,,,,home_win,
2022,45750,34,group_stage,2022-11-29,Iran,United States,AFC,CONCACAF,False,AFC_vs_CONCACAF,0,1,away_win,0.3184678705092911,0.2243082104416521,0.45722391904905674,home_win,0.3184678705092911,1.4788917577461502,1.0767423339489302,-0.045,0.458563568669762,0.27130705491092516,0.2701293764193128,0.47028563261634804,0.529714367383652,0.5145861774228951,0.34070951646488307,0.2279252530690733,0-1,0.078051184489649,1-1,0.1292234040502508,1-1|1-0|2-1,0.12922340|0.10928062|0.09143896,False,False,0,0,,,,,,,,,,,,,,False,0.3184678705092911,0.2243082104416521,0.45722391904905674,,,,home_win,
2022,45751,35,group_stage,2022-11-29,Qatar,Netherlands,AFC,UEFA,False,AFC_vs_UEFA,0,2,away_win,0.5436530956591176,0.2601971050448564,0.19614979929602605,away_win,0.5436530956591176,0.8828037567528035,1.4254175063595258,-0.045,0.22740119623356742,0.2811875758275718,0.4914112279388608,0.406066184985134,0.593933815014866,0.4510215376708915,0.2404370049583474,0.41362332366567806,0-2,0.10103236296867577,0-1,0.13612676118346903,0-1|1-1|0-0,0.13612676|0.13077625|0.10508187,False,False,0,0,,,,,,,,,,,,,,False,0.5436530956591176,0.2601971050448564,0.19614979929602605,,,,away_win,
2022,45752,36,group_stage,2022-11-29,Wales,England,UEFA,UEFA,True,UEFA_vs_UEFA,0,3,away_win,0.5949595450976864,0.22323574448209352,0.18180471042022,away_win,0.5949595450976864,0.9589412894016787,2.174620215733091,-0.045,0.15101588067929933,0.20284435425991929,0.6461397650607814,0.6053282045180328,0.3946717954819672,0.5505761235522116,0.11386106193331255,0.38330138566298455,0-3,0.07480224492591035,0-2,0.10319352922141435,0-2|1-2|1-1,0.10319353|0.09895654|0.09510588,False,False,1,0,,,,,,,,,,,,,,False,0.5949595450976864,0.22323574448209352,0.18180471042022,,,,away_win,
2022,45753,37,group_stage,2022-11-30,Australia,Denmark,AFC,UEFA,False,AFC_vs_UEFA,1,0,home_win,0.49113100339763627,0.2648066152447575,0.2440623813576062,away_win,0.2440623813576062,1.0381564212651262,1.2668524093180407,-0.045,0.29732572826151316,0.2927752591215454,0.40989901261694134,0.40524904410401213,0.5947509558959878,0.4698252928253925,0.281732118355851,0.35411164019723274,1-0,0.09766685464049156,1-1,0.13711395887891345,1-1|0-1|0-0,0.13711396|0.12048262|0.10566905,False,False,0,0,,,,,,,,,,,,,,False,0.49113100339763627,0.2648066152447575,0.2440623813576062,,,,away_win,
2022,45754,38,group_stage,2022-11-30,Poland,Argentina,UEFA,CONMEBOL,False,CONMEBOL_vs_UEFA,0,2,away_win,0.6584280497896821,0.24495154052174584,0.09662040968857206,away_win,0.6584280497896821,0.6424763484858641,2.148261216902331,-0.045,0.09406144383962252,0.18815446415555825,0.7177840920048195,0.5275276103917846,0.47247238960821536,0.42242441847667983,0.116886684844602,0.5259884940615099,0-2,0.14186833308539182,0-2,0.14186833308539182,0-2|0-1|0-3,0.14186833|0.12825881|0.10159008,True,True,0,0,,,,,,,,,,,,,,False,0.6584280497896821,0.24495154052174584,0.09662040968857206,,,,away_win,
2022,45755,39,group_stage,2022-11-30,Saudi Arabia,Mexico,AFC,CONCACAF,False,AFC_vs_CONCACAF,1,2,away_win,0.4676180981312573,0.24945067654230302,0.2829312253264397,away_win,0.4676180981312573,1.0604700325233671,1.4001625807587559,-0.045,0.27934045057806617,0.2791905609194564,0.4414689885024776,0.4459818337120383,0.5540181662879617,0.4982154237027596,0.24658316891011536,0.3462983866802837,1-2,0.08876448476512816,1-1,0.1324973083187131,1-1|0-1|0-0,0.13249731|0.11385615|0.09109698,False,False,1,1,,,,,,,,,,,,,,False,0.4676180981312573,0.24945067654230302,0.2829312253264397,,,,away_win,
2022,45756,40,group_stage,2022-11-30,Tunisia,France,CAF,UEFA,False,CAF_vs_UEFA,1,0,home_win,0.6545850473488708,0.21016112884697616,0.13525382380415307,away_win,0.13525382380415307,0.7583850262727794,1.8578162120844983,-0.045,0.1420662657470019,0.22794412851823795,0.6299896057347601,0.485275313028485,0.514724686971515,0.4532236952218334,0.15612032490481115,0.46842295595341177,1-0,0.05082432590991863,0-1,0.1312261068165647,0-1|0-2|1-1,0.13122611|0.12620400|0.10767290,False,False,0,0,,,,,,,,,,,,,,False,0.6545850473488708,0.21016112884697616,0.13525382380415307,,,,away_win,
2022,45757,41,group_stage,2022-12-01,Canada,Morocco,CONCACAF,CAF,False,CAF_vs_CONCACAF,1,2,away_win,0.3241282409529865,0.24877397025846312,0.42709778878855037,home_win,0.3241282409529865,1.3048984145054667,1.3364555172121084,-0.045,0.3563212264956556,0.27268289529443945,0.370995878209905,0.4918288818989596,0.5081711181010404,0.5428546083089585,0.26279583524432953,0.2712179714734126,1-2,0.0830601413627467,1-1,0.12989261012612457,1-1|0-1|1-0,0.12989261|0.08966234|0.08741311,False,False,1,1,,,,,,,,,,,,,,False,0.3241282409529865,0.24877397025846312,0.42709778878855037,,,,home_win,
2022,45758,42,group_stage,2022-12-01,Costa Rica,Germany,CONCACAF,UEFA,False,CONCACAF_vs_UEFA,2,4,away_win,0.6224390265990551,0.21071996086072692,0.16684101254021796,away_win,0.6224390265990551,0.8509133070505701,1.7705063447819807,-0.045,0.1724609386173093,0.2410522578940332,0.5864868034886574,0.4866735624147906,0.5133264375852093,0.48030881318724805,0.17033274340948285,0.42702612043097393,2-4,0.01078131972442727,0-1,0.12384934249845343,0-1|1-1|0-2,0.12384934|0.11451218|0.11400334,False,False,1,1,,,,,,,,,,,,,,False,0.6224390265990551,0.21071996086072692,0.16684101254021796,,,,away_win,
2022,45759,43,group_stage,2022-12-01,Croatia,Belgium,UEFA,UEFA,True,UEFA_vs_UEFA,0,0,draw,0.45161947724197776,0.265230272318362,0.28315025043966024,away_win,0.265230272318362,1.1123742773356677,1.423900625968873,-0.045,0.28897974054633224,0.27517670865068755,0.43584355080298015,0.465382132926911,0.534617867073089,0.5152285996440135,0.24080178816537837,0.3287845826235222,0-0,0.084814970432914,1-1,0.1310442775929017,1-1|0-1|1-2,0.13104428|0.10708988|0.08927944,False,False,0,0,,,,,,,,,,,,,,False,0.45161947724197776,0.265230272318362,0.28315025043966024,,,,away_win,
2022,45760,44,group_stage,2022-12-01,Japan,Spain,AFC,UEFA,False,AFC_vs_UEFA,2,1,home_win,0.6187421110308964,0.23070224628668246,0.1505556426824212,away_win,0.1505556426824212,0.8785570087835811,1.7972847311681959,-0.045,0.1755917005031762,0.2387168341504975,0.5856914653463264,0.5001592088134516,0.49984079118654845,0.4925581822544274,0.16584055238916134,0.41538355316869857,2-1,0.04778227430926954,0-1,0.11891549042508512,0-1|1-1|0-2,0.11891549|0.11366929|0.11126122,False,False,1,1,,,,,,,,,,,,,,False,0.6187421110308964,0.23070224628668246,0.1505556426824212,,,,away_win,
2022,45761,45,group_stage,2022-12-02,Cameroon,Brazil,CAF,CONMEBOL,False,CAF_vs_CONMEBOL,1,0,home_win,0.8455073781257134,0.11449262187428655,0.04,away_win,0.04,0.5457736722484894,3.029694782978572,-0.045,0.038612221422632584,0.10280917629846403,0.8585786022789035,0.6889798749031057,0.31102012509689425,0.40213007542191825,0.048945079824384556,0.5793934190823686,1-0,0.013367182114299516,0-3,0.13144013184168488,0-3|0-2|0-4,0.13144013|0.13015185|0.09955587,False,False,0,0,,,,,,,,,,,,,,False,0.8455073781257134,0.11449262187428655,0.04,,,,away_win,
2022,45762,46,group_stage,2022-12-02,Ghana,Uruguay,CAF,CONMEBOL,False,CAF_vs_CONMEBOL,0,2,away_win,0.6780049900559945,0.19654129464494835,0.12545371529905724,away_win,0.6780049900559945,0.7304891053697693,1.9968845026312727,-0.045,0.12289893604300277,0.2105580892093366,0.6665429747476604,0.512527160690846,0.48747283930915397,0.45217997073941824,0.13590517758063048,0.48167385082400077,0-2,0.13051636496988536,0-2,0.13051636496988536,0-2|0-1|1-1,0.13051636|0.12642296|0.09978656,True,True,0,0,,,,,,,,,,,,,,False,0.6780049900559945,0.19654129464494835,0.12545371529905724,,,,away_win,
2022,45763,47,group_stage,2022-12-02,Serbia,Switzerland,UEFA,UEFA,True,UEFA_vs_UEFA,2,3,away_win,0.41118666883266697,0.25225984318381367,0.33655348798351936,away_win,0.41118666883266697,1.295594018621982,1.434152340549106,-0.045,0.33487746108620914,0.2667948128580397,0.3983277260557513,0.5135424329215086,0.4864575670784914,0.5586041574364715,0.23834718124216,0.2737524019769331,2-3,0.026922193376488206,1-1,0.12669178919924284,1-1|0-1|1-2,0.12669179|0.08812011|0.08693556,False,False,1,1,,,,,,,,,,,,,,False,0.41118666883266697,0.25225984318381367,0.33655348798351936,,,,away_win,
2022,45764,48,group_stage,2022-12-02,South Korea,Portugal,AFC,UEFA,False,AFC_vs_UEFA,2,1,home_win,0.5769965913179673,0.245855746440148,0.17714766224188472,away_win,0.17714766224188472,0.9672382856287831,1.6378509744890575,-0.045,0.2176030312204148,0.25696547183690427,0.525431496942681,0.4826859510226437,0.5173140489773562,0.5045983091800521,0.19445643978008448,0.3801344759617304,2-1,0.05663317820441214,1-1,0.12237247450381435,1-1|0-1|0-2,0.12237247|0.11579966|0.09914672,False,False,1,1,,,,,,,,,,,,,,False,0.5769965913179673,0.245855746440148,0.17714766224188472,,,,away_win,
2022,45765,49,knockout,2022-12-03,Argentina,Australia,CONMEBOL,AFC,False,AFC_vs_CONMEBOL,2,1,home_win,0.09046880613833401,0.19293286984692218,0.7165983240147439,home_win,0.7165983240147439,2.1016323508380896,0.7154346992425933,-0.045,0.680076932103347,0.2106620984076978,0.10926096948895543,0.5255105081380037,0.4744894918619963,0.44538450575878896,0.4970177774020901,0.1362426638713121,2-1,0.09310668690727132,2-0,0.130140021172918,2-0|1-0|2-1,0.13014002|0.11985942|0.09310669,False,True,1,1,,,,,,,,,,,,,,False,0.09046880613833401,0.19293286984692218,0.7165983240147439,,,,home_win,
2022,45766,50,knockout,2022-12-03,Netherlands,United States,UEFA,CONCACAF,False,CONCACAF_vs_UEFA,3,1,home_win,0.27453995772560047,0.2330045393176753,0.4924555029567242,home_win,0.4924555029567242,1.5398257319541089,0.938485901572722,-0.045,0.4966468353792811,0.2835773837644613,0.2197757808562575,0.4406529672180371,0.559347032781963,0.4731053252667671,0.4045249483439551,0.2316269206011042,3-1,0.04686725598880075,1-1,0.12393498601875318,1-1|1-0|0-0,0.12393499|0.12103480|0.10925719,False,False,1,1,,,,,,,,,,,,,,False,0.27453995772560047,0.2330045393176753,0.4924555029567242,,,,home_win,
2022,45767,51,knockout,2022-12-04,England,Senegal,UEFA,CAF,False,CAF_vs_UEFA,3,0,home_win,0.17443761843317143,0.24451713365738506,0.5810452479094436,home_win,0.5810452479094436,1.8836835515956845,0.9118417797303692,-0.045,0.5872558564179055,0.24272349294215276,0.17002065063994162,0.520552710703331,0.479447289296669,0.5036332940895438,0.4114748351165742,0.16587591525965537,3-0,0.06699281286626788,1-0,0.10863437979683634,1-0|1-1|2-0,0.10863438|0.10794421|0.10669437,False,False,1,0,,,,,,,,,,,,,,False,0.17443761843317143,0.24451713365738506,0.5810452479094436,,,,home_win,
2022,45768,52,knockout,2022-12-04,France,Poland,UEFA,UEFA,True,UEFA_vs_UEFA,3,1,home_win,0.17376782130205828,0.23623744494026425,0.5899947337576775,home_win,0.5899947337576775,1.852181763353305,0.8322494724336934,-0.045,0.598899918728542,0.24509941460517468,0.15600066666628326,0.49321037333691203,0.506789626663088,0.47234775772273346,0.4452019247412235,0.17211841762945868,3-1,0.05912272986406068,1-0,0.11959354453228742,1-0|2-0|1-1,0.11959354|0.11506377|0.10805747,False,False,1,1,,,,,,,,,,,,,,False,0.17376782130205828,0.23623744494026425,0.5899947337576775,,,,home_win,
2022,45769,53,knockout,2022-12-05,Brazil,South Korea,CONMEBOL,AFC,False,AFC_vs_CONMEBOL,4,1,home_win,0.08837213388670204,0.17607545669172792,0.7355524094215701,home_win,0.7355524094215701,2.2824875663368265,0.7651719697023228,-0.045,0.7029004752758169,0.1926940271911808,0.10440549753300246,0.578950142900129,0.42104985709987097,0.47766077399961393,0.4720294735799585,0.11365644229185645,4-1,0.04065725847126115,2-0,0.12238929795830436,2-0|1-0|2-1,0.12238930|0.10354939|0.09364886,False,False,1,1,,,,,,,,,,,,,,False,0.08837213388670204,0.17607545669172792,0.7355524094215701,,,,home_win,
2022,45770,54,knockout,2022-12-05,Japan,Croatia,AFC,UEFA,False,AFC_vs_UEFA,1,1,draw,0.42054689196493883,0.28881569116349964,0.2906374168715615,away_win,0.28881569116349964,1.0577813791604291,1.145361599541603,-0.045,0.3173618680000161,0.32248591437999663,0.3601522176199871,0.367403775793094,0.632596224206906,0.43836876844251416,0.3374123052283525,0.36570175091193635,1-1,0.13589202241142415,0-0,0.1414828245828032,0-0|1-1|0-1,0.14148282|0.13589202|0.11708495,False,True,0,1,,,,,,,,,,,,,,False,0.42054689196493883,0.28881569116349964,0.2906374168715615,,,,away_win,
2022,45771,55,knockout,2022-12-06,Morocco,Spain,CAF,UEFA,False,CAF_vs_UEFA,0,0,draw,0.5685191832980637,0.24063232754538708,0.19084848915654923,away_win,0.24063232754538708,0.8613280250930361,1.6894495444135607,-0.045,0.18113059378204602,0.2657570877057926,0.5531123185121614,0.4593939330223678,0.5406060669776322,0.46617742581596516,0.20129520344544544,0.4343617632274636,0-0,0.10183439248887434,0-1,0.12416958969222758,0-1|1-1|0-2,0.12416959|0.11627013|0.10911854,False,False,0,0,,,,,,,,,,,,,,False,0.5685191832980637,0.24063232754538708,0.19084848915654923,,,,away_win,
2022,45772,56,knockout,2022-12-06,Portugal,Switzerland,UEFA,UEFA,True,UEFA_vs_UEFA,6,1,home_win,0.2508919714584825,0.25867331635867613,0.49043471218284135,home_win,0.49043471218284135,1.6486070718281045,1.0299645899692638,-0.045,0.5035233427514167,0.2692227803119628,0.2272538769366204,0.4918562685888152,0.5081437314111847,0.5150102886346826,0.36869256513639237,0.20703498919242158,6-1,0.0019368381775287423,1-1,0.11966202049358682,1-1|1-0|2-1,0.11966202|0.10602481|0.09439026,False,False,1,1,,,,,,,,,,,,,,False,0.2508919714584825,0.25867331635867613,0.49043471218284135,,,,home_win,
2022,45773,57,knockout,2022-12-09,Croatia,Brazil,UEFA,CONMEBOL,False,CONMEBOL_vs_UEFA,1,1,draw,0.6140353917257005,0.26163262894730666,0.12433197932699286,away_win,0.26163262894730666,0.709469190058042,1.9347266388126294,-0.045,0.12195785002315691,0.231133066829552,0.6469090831472913,0.48303609671021147,0.5169639032897886,0.4308860306399416,0.16044309482227756,0.5013206162328633,1-1,0.10013222947344028,0-1,0.13074724923790582,0-1|0-2|1-1,0.13074725|0.13065128|0.10013223,False,True,0,1,,,,,,,,,,,,,,False,0.6140353917257005,0.26163262894730666,0.12433197932699286,,,,away_win,
2022,45775,58,knockout,2022-12-09,Netherlands,Argentina,UEFA,CONMEBOL,False,CONMEBOL_vs_UEFA,2,2,draw,0.5097854082043919,0.274312684702136,0.21590190709347212,away_win,0.274312684702136,0.9554133391973734,1.6224119169140103,-0.045,0.2125722394955942,0.27336324125842437,0.5140645192459814,0.4663618169642732,0.5336381830357269,0.48918764933169934,0.21345691004513911,0.3969077498442191,2-2,0.04472007708444826,1-1,0.12059419341887691,1-1|0-1|0-0,0.12059419|0.11559356|0.09955231,False,False,1,1,,,,,,,,,,,,,,False,0.5097854082043919,0.274312684702136,0.21590190709347212,,,,away_win,
2022,45776,59,knockout,2022-12-10,England,France,UEFA,UEFA,True,UEFA_vs_UEFA,1,2,away_win,0.3963104616234661,0.2632454686157308,0.34044406976080316,away_win,0.3963104616234661,1.2906503027017504,1.3821098582060807,-0.045,0.33730153226099385,0.2838760271792731,0.37882244055973296,0.49045089296595884,0.5095491070340412,0.5383921006879481,0.26478764612582506,0.28838331298448966,1-2,0.08358741931122662,1-1,0.12639929114405835,1-1|0-0|0-1,0.12639929|0.09156306|0.08827427,False,False,1,1,,,,,,,,,,,,,,False,0.3963104616234661,0.2632454686157308,0.34044406976080316,,,,away_win,
2022,45777,60,knockout,2022-12-10,Morocco,Portugal,CAF,UEFA,False,CAF_vs_UEFA,1,0,home_win,0.5315539047552179,0.25778773503709707,0.210658360207685,away_win,0.210658360207685,0.9139202045916996,1.6359649956671132,-0.045,0.20056437203147548,0.2722147800646995,0.5272208479038251,0.4591843003701551,0.5408156996298449,0.4776404372244743,0.2112623949104081,0.413182279694164,1-0,0.06478458130761694,0-1,0.12003525885179207,0-1|1-1|0-2,0.12003526|0.11955618|0.10239800,False,False,0,0,,,,,,,,,,,,,,False,0.5315539047552179,0.25778773503709707,0.210658360207685,,,,away_win,
2022,45779,61,knockout,2022-12-13,Argentina,Croatia,CONMEBOL,UEFA,False,CONMEBOL_vs_UEFA,3,0,home_win,0.14873394263735223,0.25028819579957545,0.6009778615630724,home_win,0.6009778615630724,1.8218752518146344,0.819888793978039,-0.045,0.5948615473381557,0.2486359800424884,0.15650247261935607,0.4825177973634993,0.5174822026365007,0.4649262904193104,0.4509237945610708,0.1774630286755186,3-0,0.0704991942156494,1-0,0.12273594479648343,1-0|2-0|1-1,0.12273594|0.11608785|0.10918661,False,False,1,0,,,,,,,,,,,,,,False,0.14873394263735223,0.25028819579957545,0.6009778615630724,,,,home_win,
2022,45780,62,knockout,2022-12-14,France,Morocco,UEFA,CAF,False,CAF_vs_UEFA,2,0,home_win,0.1776054124565961,0.2852973961621598,0.5370971913812441,home_win,0.5370971913812441,1.6062365344161753,0.7938278244984831,-0.045,0.5484282315129975,0.2767367286863117,0.17483503980069087,0.4200788020874446,0.5799211979125554,0.43275620252403435,0.46494541947962975,0.219417752743289,2-0,0.11430817930579716,1-0,0.13724607969688515,1-0|1-1|0-0,0.13724608|0.11807023|0.11711937,False,False,0,0,,,,,,,,,,,,,,False,0.1776054124565961,0.2852973961621598,0.5370971913812441,,,,home_win,
2022,45784,63,knockout,2022-12-17,Croatia,Morocco,UEFA,CAF,False,CAF_vs_UEFA,2,1,home_win,0.2884863039351061,0.31816937266432965,0.3933443234005642,home_win,0.3933443234005642,1.232098569600009,0.9916047601269697,-0.045,0.399372341480302,0.31808883575812913,0.28253882276156905,0.37295726244844746,0.6270427375515526,0.4389575442186017,0.388438864642618,0.311347430670386,2-1,0.07918800627653057,0-0,0.13874383953160555,0-0|1-1|1-0,0.13874384|0.13432605|0.12384557,False,False,1,1,,,,,,,,,,,,,,False,0.2884863039351061,0.31816937266432965,0.3933443234005642,,,,home_win,
2022,45786,64,knockout,2022-12-18,Argentina,France,CONMEBOL,UEFA,False,CONMEBOL_vs_UEFA,3,3,draw,0.24781578174307672,0.27331087719507396,0.47887334106184937,home_win,0.27331087719507396,1.4879911628332532,1.0221312234500277,-0.045,0.4637891553420291,0.2872248053685234,0.24898603928944757,0.44894140810008937,0.5510585918999107,0.4904930694234139,0.3734334920774852,0.242310577278529,3-3,0.007773813625244633,1-1,0.12642672895280677,1-1|1-0|0-0,0.12642673|0.11291878|0.10623714,False,False,1,1,,,,,,,,,,,,,,False,0.24781578174307672,0.27331087719507396,0.47887334106184937,,,,home_win,
